Date,HomeTeam,AwayTeam,FTHG,FTAG,B365H,B365D,B365A,Home_xG_Created_5g,Home_xG_Conceded_5g,Away_xG_Created_5g,Away_xG_Conceded_5g
2025-09-27,Brentford,Man United,3,1,3.4,3.8,2.0,1.1805451999999999,1.3167862,1.961732,1.3554005999999998
2025-09-27,Chelsea,Brighton,1,3,1.85,3.8,3.8,1.7952283999999998,1.05377,1.5526346,1.4943806000000002
2025-09-27,Crystal Palace,Liverpool,2,1,3.8,3.8,1.9,1.76537,0.9448308000000001,1.4629226,0.9823082
2025-09-27,Leeds,Bournemouth,2,2,3.1,3.25,2.38,0.9005294000000001,1.2842946000000002,1.494056,0.7305318
2025-09-27,Man City,Burnley,5,1,1.17,7.5,15.0,1.760132,1.2491902,0.8747518,2.1495838
2025-09-27,Nott'm Forest,Sunderland,0,1,1.75,3.75,4.5,0.9851696000000001,1.737266,0.9418698000000001,1.1412404
2025-09-27,Tottenham,Wolves,1,1,1.5,4.5,6.0,1.227046,1.2599292,0.7556204,1.5540816000000002
2025-09-28,Aston Villa,Fulham,3,1,2.3,3.1,3.4,0.7589988,1.5917524,1.1913082000000002,1.4150928
2025-09-28,Newcastle,Arsenal,1,2,3.6,3.4,2.1,1.0027047999999998,0.5138124000000001,1.6307928,0.6862152
2025-09-29,Everton,West Ham,1,1,1.7,3.75,5.0,1.4254958,1.3650628,1.0066266000000001,1.8480052
2025-10-03,Bournemouth,Fulham,3,1,1.95,3.5,3.9,1.391516,0.6739738,1.201254,1.4002268
2025-10-04,Leeds,Tottenham,1,2,2.7,3.5,2.5,0.8337454000000001,1.361493,0.9950721999999999,1.3450036
2025-10-04,Arsenal,West Ham,2,0,1.18,6.5,17.0,1.7788088000000002,0.5588794,1.0499901999999999,1.8850722000000002
2025-10-04,Man United,Sunderland,2,0,1.5,4.75,5.75,2.1336439999999994,1.6467725999999998,1.1853042,1.3135108
2025-10-04,Chelsea,Liverpool,2,1,2.8,3.75,2.3,1.9269484,1.341962,1.6172606000000003,1.3743482
2025-10-05,Aston Villa,Burnley,2,1,1.6,4.0,5.75,0.9684286,1.5020788,0.8298224000000001,2.3981337999999996
2025-10-05,Everton,Crystal Palace,2,1,2.45,3.25,3.0,1.4725688000000001,1.0439760000000002,2.2651879999999998,1.2915968
2025-10-05,Newcastle,Nott'm Forest,2,0,1.57,4.2,5.5,0.8704790000000001,0.8641881999999999,0.9181296,1.860542
2025-10-05,Wolves,Brighton,1,1,3.6,3.7,2.0,0.8836352,1.2580178,1.7596386,1.7191100000000001
2025-10-05,Brentford,Man City,0,1,4.75,4.5,1.62,1.4729651999999998,1.4129042000000003,1.944592,1.2472012
2025-10-18,Nott'm Forest,Chelsea,0,3,3.7,3.8,1.95,0.7196933999999999,2.40349,1.3843964000000002,1.5582096
2025-10-18,Brighton,Newcastle,2,1,2.63,3.4,2.6,1.6209806,1.4327588000000002,1.2411189999999999,0.8024142
2025-10-18,Burnley,Leeds,2,0,3.25,3.25,2.25,0.7295187999999999,2.5210238,1.0984952,0.9516106000000001
2025-10-18,Crystal Palace,Bournemouth,3,3,2.2,3.4,3.25,2.4803900000000003,1.4533748,1.3015079999999999,0.7679704
2025-10-18,Man City,Everton,2,0,1.4,5.0,7.0,1.914386,1.1299228,1.5400888,1.06258
2025-10-18,Sunderland,Wolves,2,0,2.5,3.0,3.1,1.122474,1.4987088,0.8828426,1.1794098
2025-10-18,Fulham,Arsenal,0,1,5.75,4.1,1.55,1.0392579999999998,1.3579368,1.8429867999999998,0.700437
2025-10-19,Tottenham,Aston Villa,1,2,2.05,3.5,3.5,0.8766817999999998,1.3916055999999999,1.1202022,1.3766092
2025-10-19,Liverpool,Man United,1,2,1.6,4.5,5.0,1.8999108,1.2291062000000001,2.2103979999999996,1.4775303999999998
2025-10-20,West Ham,Brentford,0,2,2.5,3.25,2.88,1.0271856,1.7067781999999998,1.3857888,1.4368278
2025-10-24,Leeds,West Ham,2,1,1.8,3.5,4.75,1.4293391999999998,0.992813,0.6320357999999999,2.2568446
2025-10-25,Chelsea,Sunderland,1,2,1.36,4.75,9.0,1.4095764000000002,1.822064,1.013182,1.3447654
2025-10-25,Newcastle,Fulham,2,1,1.62,3.9,5.5,1.437018,0.8383750000000001,0.9924788,1.2871028
2025-10-25,Man United,Brighton,4,2,1.95,3.8,3.5,1.9121580000000002,1.7342384,1.3506734000000002,1.2625488
2025-10-25,Brentford,Liverpool,3,2,4.1,4.2,1.75,1.7898508,1.1746240000000001,2.3255740000000005,1.6382044
2025-10-26,Arsenal,Crystal Palace,1,0,1.4,4.75,7.5,2.161497,0.7046226,2.873532,1.6216228000000001
2025-10-26,Aston Villa,Man City,1,0,4.33,3.8,1.8,0.9494764000000002,1.1601051999999998,1.98353,0.8471192000000001
2025-10-26,Bournemouth,Nott'm Forest,2,0,1.8,3.8,4.33,1.286908,1.6464044000000002,0.9875898,2.4679499999999996
2025-10-26,Wolves,Burnley,2,3,1.95,3.3,4.2,0.8294558000000001,0.9767897999999999,0.5662122,2.1828537999999997
2025-10-26,Everton,Tottenham,0,3,2.35,3.4,3.0,1.2914312000000001,1.3699086,1.1454697999999999,1.0380318000000002
2025-11-01,Brighton,Leeds,3,0,1.85,3.75,4.0,1.4151196,1.3666368000000002,1.7075395999999998,0.8645856000000001
2025-11-01,Burnley,Arsenal,0,2,10.0,6.0,1.27,0.8416920000000001,2.1401338,1.756392,0.7159932
2025-11-01,Crystal Palace,Brentford,2,0,1.91,3.6,3.9,2.5920288,1.722032,2.2090368,1.4471002
2025-11-01,Fulham,Wolves,3,0,1.83,3.5,4.5,1.0685228,1.6746352000000002,1.2705314,1.0475058
2025-11-01,Nott'm Forest,Man United,2,2,3.3,3.75,2.05,0.9899522,2.0229302000000002,2.00079,1.5242191999999999
2025-11-01,Tottenham,Chelsea,0,1,2.7,3.5,2.5,1.2613198,1.1600221999999998,1.5010406000000003,1.897118
2025-11-01,Liverpool,Aston Villa,2,0,1.65,4.33,4.5,2.190266,2.2588482,1.0473922,1.0553932
2025-11-02,West Ham,Newcastle,3,1,5.25,4.0,1.62,0.5731167999999999,2.3983205999999995,1.7522579999999999,1.0671886000000002
2025-11-02,Man City,Bournemouth,3,1,1.5,4.75,5.75,1.8579080000000001,0.7120704000000001,1.1298542,1.5825184
2025-11-03,Sunderland,Everton,1,1,2.7,3.2,2.7,1.2524762,1.2358194,1.1935312,1.7176972
2025-11-08,Tottenham,Man United,2,2,2.63,3.6,2.5,1.0523485999999997,1.5475922,1.915118,1.7403825999999998
2025-11-08,Everton,Fulham,2,0,2.2,3.3,3.4,1.2507389999999998,1.7415012,1.1460748,1.5513108
2025-11-08,West Ham,Burnley,3,2,1.91,3.5,4.0,0.7626097999999999,2.0359135999999998,0.7492094,2.477276
2025-11-08,Sunderland,Arsenal,2,2,7.5,5.0,1.38,1.3009498000000002,1.2494305999999997,2.115975,0.6272886
2025-11-08,Chelsea,Wolves,3,0,1.36,4.75,8.5,2.0755740000000005,1.6575927999999998,0.9992981999999999,1.3385221999999999
2025-11-09,Aston Villa,Bournemouth,4,0,2.2,3.4,3.25,0.9465254,1.1617728,1.1996914,2.0497906
2025-11-09,Brentford,Newcastle,3,1,2.8,3.5,2.45,2.2078252,1.2891498,1.8262551999999999,1.2398226
2025-11-09,Crystal Palace,Brighton,0,0,2.25,3.5,3.1,2.2718104,1.7928586,1.6624416,1.2001128
2025-11-09,Nott'm Forest,Leeds,3,1,2.25,3.25,3.3,1.1339283999999998,1.9778562000000002,1.68798,1.0796196
2025-11-09,Man City,Liverpool,3,0,1.9,3.9,3.7,2.131366,0.7483246000000001,2.271976,2.201578
2025-11-22,Burnley,Chelsea,0,2,6.25,4.5,1.48,1.0222672,2.426466,2.466952,1.1848652
2025-11-22,Bournemouth,West Ham,2,2,1.62,4.2,4.75,1.3896093999999999,2.0168985999999998,1.2009125999999999,2.228929
2025-11-22,Brighton,Brentford,2,1,1.91,3.6,4.0,1.2948290000000002,0.9627162000000002,2.1978311999999995,0.9283872000000001
2025-11-22,Fulham,Sunderland,1,0,2.1,3.25,3.75,1.040448,1.7393747999999998,1.1536317999999999,1.4312566
2025-11-22,Liverpool,Nott'm Forest,0,3,1.44,5.0,6.25,1.8572440000000001,1.8140159999999999,1.3480623999999999,1.6734404
2025-11-22,Wolves,Crystal Palace,0,2,3.8,3.6,1.95,0.7896886000000001,1.9714640000000003,1.7330738,1.299914
2025-11-22,Newcastle,Man City,2,1,3.6,3.8,1.95,1.7647403999999998,1.3731846,1.806184,0.8520464000000001
2025-11-23,Leeds,Aston Villa,1,2,3.0,3.3,2.4,1.3624162,1.3657476000000002,1.0499394,1.3732344
2025-11-23,Arsenal,Tottenham,4,1,1.42,4.75,7.5,2.167765,0.7203084000000001,1.1596704,1.4797414
2025-11-24,Man United,Everton,0,1,1.75,4.0,4.33,1.6319512,1.4539946000000001,1.5300124,1.6712436
2025-11-29,Brentford,Burnley,3,1,1.45,4.5,7.0,2.4990376,0.9045908,1.0539973999999999,2.423508
2025-11-29,Man City,Leeds,3,2,1.22,6.5,12.0,2.078186,1.1944048,1.4356502,1.5000639999999998
2025-11-29,Sunderland,Bournemouth,3,2,3.2,3.3,2.3,1.0367616,1.6127546,1.8192913999999998,1.9263849999999998
2025-11-29,Everton,Newcastle,1,4,2.8,3.25,2.63,1.133273,1.6904056,1.4825264,1.7969428
2025-11-29,Tottenham,Fulham,1,2,2.2,3.3,3.3,1.02804424,1.6392934000000001,1.439236,1.5170124
2025-11-30,Crystal Palace,Man United,1,2,2.3,3.4,3.1,1.5873618,1.2049800000000002,1.7007311999999999,1.3235834
2025-11-30,Aston Villa,Wolves,1,0,1.5,4.33,6.5,0.9747514,1.6421120000000002,1.0486258000000002,1.983014
2025-11-30,Nott'm Forest,Brighton,0,2,2.75,3.3,2.63,1.5194425999999999,1.2686624,1.2120106,1.3287934
2025-11-30,West Ham,Liverpool,0,2,4.33,4.33,1.67,1.1061592,2.313827,1.803828,1.8054919999999999
2025-11-30,Chelsea,Arsenal,1,1,3.4,3.3,2.2,2.563696,0.9050917999999999,2.0117190000000003,0.55341204
2025-12-02,Bournemouth,Everton,0,1,2.2,3.25,3.3,1.7684194000000002,1.247727,1.1765985999999997,1.6861895999999998
2025-12-02,Fulham,Man City,4,5,4.33,4.1,1.73,1.4377168,1.3101584000000002,2.15279,1.3857644
2025-12-02,Newcastle,Tottenham,2,2,1.83,3.8,4.1,1.7176643999999999,1.8277720000000002,0.93391424,1.6677944
2025-12-03,Arsenal,Brentford,2,0,1.36,5.0,8.5,1.8417290000000002,0.61132844,2.5499796,1.0273455999999999
2025-12-03,Brighton,Aston Villa,3,4,2.15,3.5,3.4,1.4520298,1.2642324,1.1352771999999998,1.4777076
2025-12-03,Burnley,Crystal Palace,0,1,4.5,3.8,1.75,1.126873,2.701416,1.1019158,1.0910959999999998
2025-12-03,Wolves,Nott'm Forest,0,1,3.25,3.4,2.25,1.0518788000000001,2.009024,1.3004076,1.1684424
2025-12-03,Leeds,Chelsea,3,1,4.1,4.1,1.8,1.3196302,1.9687186,2.2104188000000002,0.7396478
2025-12-03,Liverpool,Sunderland,1,1,1.36,5.25,7.0,1.5954700000000002,1.3720884,1.0657096000000001,1.8360379999999998
2025-12-04,Man United,West Ham,1,1,1.45,5.0,6.0,1.4900332,1.2287614000000002,1.1269394,1.934143
2025-12-06,Aston Villa,Arsenal,2,1,4.2,3.5,1.9,1.597986,1.5964756000000002,2.196746,0.65896484
2025-12-06,Bournemouth,Chelsea,0,0,3.1,3.75,2.15,1.7641822,1.4257743999999999,2.1605584,0.8704677999999999
2025-12-06,Everton,Nott'm Forest,3,0,2.2,3.2,3.5,1.1351045999999998,1.3946185999999998,1.464087,1.2420442
2025-12-06,Man City,Sunderland,3,0,1.25,6.5,10.0,2.271412,1.4115102,0.8981220000000001,1.8686399999999999
2025-12-06,Newcastle,Burnley,2,1,1.27,6.0,9.5,1.5411683999999999,1.7341799999999998,1.051489,2.3827114000000003
2025-12-06,Tottenham,Brentford,2,0,2.3,3.5,3.0,0.72567024,1.7642703999999998,2.0134708,1.1299215999999999
2025-12-06,Leeds,Liverpool,3,3,3.8,4.0,1.85,1.3162901999999999,2.0617916,1.44706,0.8603688
2025-12-07,Brighton,West Ham,1,1,1.55,4.33,5.75,1.6551950000000002,1.5032604000000003,1.3003768,1.945211
2025-12-07,Fulham,Crystal Palace,1,2,2.55,3.3,2.8,1.3282418,1.1489964000000001,1.2293684000000002,1.153565
2025-12-08,Wolves,Man United,1,4,4.2,4.0,1.75,0.7405368000000001,1.9247139999999998,1.5529192000000003,1.3124986
2025-12-13,Chelsea,Everton,2,0,1.67,3.8,5.25,1.6265768000000005,1.124939,1.1843185999999999,1.2209505999999999
2025-12-13,Liverpool,Brighton,2,0,1.67,4.0,4.75,1.5626280000000001,1.1320308000000001,1.5470949999999999,1.7727024
2025-12-13,Burnley,Fulham,2,3,4.0,3.5,1.91,1.2324036,2.2408294,1.099182,1.4492276
2025-12-13,Arsenal,Wolves,2,1,1.13,8.5,21.0,2.065378,1.06710144,0.7509794000000001,2.3517160000000006
2025-12-14,Crystal Palace,Man City,0,3,3.9,3.9,1.85,1.4246748,1.1428196,2.256624,1.3568381999999999
2025-12-14,Nott'm Forest,Tottenham,3,0,2.55,3.3,2.8,1.216423,1.3094961999999999,1.1810554400000002,1.1898810000000002
2025-12-14,Sunderland,Newcastle,1,0,3.3,3.3,2.25,0.7872832000000001,2.150368,1.7978614,1.7681639999999998
2025-12-14,West Ham,Aston Villa,2,3,3.75,3.5,2.0,1.3588907999999997,2.260642,2.054954,1.6743636000000002
2025-12-14,Brentford,Leeds,1,1,1.91,3.6,4.0,1.9434837999999999,1.4677859999999998,1.6031182000000002,1.9431476
2025-12-15,Man United,Bournemouth,4,4,1.83,4.0,3.8,2.1790912,1.0547959999999998,1.868075,1.0622968
2025-12-20,Newcastle,Chelsea,2,2,2.75,3.6,2.45,1.7452718,1.346715,1.3588068000000002,1.3706466000000002
2025-12-20,Bournemouth,Burnley,1,1,1.48,4.33,6.5,1.9364830000000002,1.3281408000000001,1.2684196,1.9774794
2025-12-20,Brighton,Sunderland,0,0,1.67,4.0,5.25,1.7576956,2.087333,0.6723022000000001,1.7183477999999996
2025-12-20,Man City,West Ham,3,0,1.22,8.0,10.0,2.208174,1.4114022,1.0208367999999999,2.0047045999999997
2025-12-20,Wolves,Brentford,0,2,3.5,3.6,2.05,0.8526810000000001,1.8786239999999998,1.5354269999999999,1.7081486
2025-12-20,Tottenham,Liverpool,1,2,3.5,3.75,2.0,0.98604064,1.4911458,1.839548,1.1509548
2025-12-20,Everton,Arsenal,0,1,5.75,4.1,1.57,0.9911045999999999,1.664969,1.923084,0.95010544
2025-12-20,Leeds,Crystal Palace,4,1,2.6,3.3,2.75,1.8460439999999998,1.5843548,1.5169494000000001,1.2860462000000001
2025-12-21,Aston Villa,Man United,2,1,2.1,3.6,3.3,1.7974086,1.5277816,2.657448,1.2541239999999998
2025-12-22,Fulham,Nott'm Forest,1,0,2.4,3.25,3.0,1.3443924,1.3989856,1.183545,1.3016532
2025-12-26,Man United,Newcastle,1,0,2.55,3.6,2.6,2.463618,1.5969453999999998,1.8398878,1.0606389999999999
2025-12-27,Nott'm Forest,Man City,1,2,5.0,4.33,1.6,1.0418862,1.2842432,2.433254,1.1345782
2025-12-27,Arsenal,Brighton,2,1,1.42,4.75,7.0,1.8368760000000002,0.9867466,1.7460524,1.9094630000000001
2025-12-27,Brentford,Bournemouth,4,1,2.25,3.6,3.0,1.408087,1.7662970000000002,1.6035789999999999,1.3460899999999998
2025-12-27,Burnley,Everton,0,0,4.1,3.4,1.95,1.2323366,1.9969874,1.0027465999999998,1.5796749999999997
2025-12-27,Liverpool,Wolves,2,1,1.25,6.5,10.0,1.7273299999999998,1.1818468000000002,0.7735090000000001,1.9013760000000002
2025-12-27,West Ham,Fulham,0,1,2.63,3.4,2.6,1.1469664,2.0244826,1.1180704000000001,1.4516912000000002
2025-12-27,Chelsea,Aston Villa,1,2,1.83,3.9,4.0,1.2198408,1.8141839999999998,1.8992866,1.4193555999999998
2025-12-28,Sunderland,Leeds,1,1,2.5,3.1,2.88,0.8898366,1.3347441999999998,2.05828,1.6185148000000003
2025-12-28,Crystal Palace,Tottenham,0,1,2.25,3.25,3.2,1.5331994000000002,1.5348001999999998,1.2498372,1.2818197999999998
2025-12-30,Burnley,Newcastle,1,3,5.25,4.2,1.6,1.3074276,1.5031834,1.5741197999999998,1.0465512000000001
2025-12-30,Chelsea,Bournemouth,2,2,1.5,4.75,5.75,1.4557680000000002,1.9803640000000002,1.7573970000000003,1.6824400000000002
2025-12-30,Nott'm Forest,Everton,0,2,2.1,3.25,3.7,0.9698494,1.1657392,1.0509046000000002,1.337807
2025-12-30,West Ham,Brighton,2,2,3.4,3.75,2.0,1.301574,1.9337685999999998,1.4766252,2.2260340000000003
2025-12-30,Arsenal,Aston Villa,4,1,1.42,4.75,7.0,2.099856,0.9703766,2.0801506,1.675148
2025-12-30,Man United,Wolves,1,1,1.36,5.25,8.0,2.3562442,1.3958194,0.7911242000000002,1.983408
2026-01-01,Crystal Palace,Fulham,1,1,2.15,3.3,3.4,1.2920136000000002,1.4134178,1.2419952000000003,1.4703372
2026-01-01,Liverpool,Leeds,0,0,1.55,4.5,5.5,1.726748,1.2651492000000002,2.2293019999999997,1.2091222
2026-01-01,Brentford,Tottenham,0,0,2.1,3.6,3.2,1.2341350000000002,2.103858,1.2151988,1.3688088
2026-01-01,Sunderland,Man City,0,0,7.5,4.75,1.38,0.817118,1.4975022,2.1556059999999997,0.9043224000000001
2026-01-03,Aston Villa,Nott'm Forest,3,1,1.75,3.9,4.5,2.0370505999999997,2.165222,1.0959614,1.2998672
2026-01-03,Brighton,Burnley,2,0,1.48,4.33,7.0,1.7018571999999998,2.049832,1.3388256,1.80412
2026-01-03,Wolves,West Ham,3,0,2.5,3.3,2.88,0.8297702000000001,1.9852420000000002,1.4836939999999998,2.0962486
2026-01-03,Bournemouth,Arsenal,2,3,6.5,4.75,1.44,2.3285980000000004,1.909882,2.4562739999999996,1.4410234
2026-01-04,Leeds,Man United,1,1,2.7,3.3,2.63,1.820234,1.3519846000000002,2.1275082000000003,1.3662193999999999
2026-01-04,Everton,Brentford,2,4,2.35,3.25,3.1,1.1508086,1.561614,1.2276526000000003,1.6992678
2026-01-04,Newcastle,Crystal Palace,2,0,1.7,3.9,4.75,1.6954998,1.1012432,1.5651462000000003,1.5305818
2026-01-04,Tottenham,Sunderland,1,1,1.8,3.6,4.5,1.1264506,1.1029535999999998,0.8670138,1.7107301999999998
2026-01-04,Fulham,Liverpool,2,2,3.8,3.75,1.91,1.3983362,1.5485792,1.7871480000000002,1.1544888000000002
2026-01-04,Man City,Chelsea,1,1,1.6,4.75,4.5,2.25165,0.9022236000000001,1.7295524,2.237708
2026-01-06,West Ham,Nott'm Forest,1,2,2.88,3.25,2.2,1.1895495999999999,2.1239446,1.2131334,1.3351472000000002
2026-01-07,Bournemouth,Tottenham,3,2,2.1,3.6,3.3,2.2343052000000005,2.0313616000000003,0.9251746000000001,1.1023372
2026-01-07,Brentford,Sunderland,3,0,1.85,3.5,4.33,1.7438980000000002,1.4156237999999999,0.8352128000000001,1.5110201999999997
2026-01-07,Crystal Palace,Aston Villa,0,0,3.1,3.3,2.3,1.4785782,1.9227556,1.7790545999999998,1.9729319999999997
2026-01-07,Everton,Wolves,1,1,1.75,3.5,5.0,1.1012446,2.109504,1.2251908,1.2229616
2026-01-07,Fulham,Chelsea,2,1,3.4,3.6,2.05,1.3668184,1.5501212,2.002484,2.1599440000000003
2026-01-07,Man City,Brighton,1,1,1.4,5.25,6.5,1.9745380000000001,1.1843784,1.5760432000000002,1.7594622000000002
2026-01-07,Burnley,Man United,2,2,4.75,4.0,1.7,1.0729858,1.7370440000000003,1.7076542,1.5078176
2026-01-07,Newcastle,Leeds,4,3,1.67,3.8,5.0,1.8796118,1.0401432,1.6555956000000003,1.3319366000000001
2026-01-08,Arsenal,Liverpool,0,0,1.6,4.1,5.0,2.340344,1.0866205999999998,1.7212980000000002,0.9176591999999999
2026-01-17,Man United,Man City,2,0,3.7,3.8,1.91,1.5702222,1.1013676,2.295712,1.1905183999999998
2026-01-17,Chelsea,Brentford,2,0,1.73,4.0,4.75,1.963784,2.1039700000000003,2.3766888,1.3900937999999998
2026-01-17,Leeds,Fulham,1,0,2.15,3.3,3.5,1.7994135999999998,1.6795254,1.2487384000000001,1.6293632000000002
2026-01-17,Liverpool,Burnley,1,1,1.22,6.5,11.0,1.3024863999999998,0.7200176,0.7259558,1.9119140000000001
2026-01-17,Sunderland,Crystal Palace,2,1,2.75,3.1,2.75,1.0104918,2.2493464,1.4834042000000003,2.0661516
2026-01-17,Tottenham,West Ham,1,2,1.73,4.0,4.5,1.1743454000000002,0.8750492,1.2815416,2.258292
2026-01-17,Nott'm Forest,Arsenal,0,0,6.0,4.33,1.53,1.0011834,1.606492,2.1571184,1.0263550000000001
2026-01-18,Wolves,Newcastle,0,0,4.75,4.0,1.7,1.2438548,1.2260116,2.332736,1.3847702
2026-01-18,Aston Villa,Everton,0,1,1.67,3.9,5.25,2.0740659999999997,1.9825400000000002,1.1598866,1.723248
2026-01-19,Brighton,Bournemouth,1,1,1.85,3.9,3.8,1.5043592000000001,1.8687302000000003,2.0019412,1.7141736
2026-01-24,West Ham,Sunderland,3,1,2.5,3.2,2.88,1.6307775999999996,1.8725,1.1176058,2.29583
2026-01-24,Burnley,Tottenham,2,2,3.7,3.5,2.05,0.7392443999999999,2.2463100000000003,1.2351193999999999,1.1822431999999998
2026-01-24,Fulham,Brighton,2,1,2.6,3.4,2.7,0.9593616,1.9659,1.5196602000000001,1.9461162
2026-01-24,Man City,Wolves,2,0,1.2,7.0,11.0,1.656739,1.6007884000000001,1.0682520000000002,1.0760562
2026-01-24,Bournemouth,Liverpool,3,2,3.75,3.8,1.9,1.9777212,1.8172234,1.7542484000000003,0.5596018
2026-01-25,Brentford,Nott'm Forest,0,2,1.91,3.5,4.1,2.3591127999999997,1.4609737999999999,0.9676204,1.8380020000000001
2026-01-25,Crystal Palace,Chelsea,1,3,3.5,3.8,2.0,1.4076262000000004,1.8537816,2.0830900000000003,1.823286
2026-01-25,Newcastle,Aston Villa,0,2,1.95,3.7,3.7,1.9196726000000002,1.2575934,1.8813105999999997,1.8708018
2026-01-25,Arsenal,Man United,2,3,1.55,4.2,6.0,2.3603183999999997,1.0473966,1.9238682,0.8049365999999999
2026-01-26,Everton,Leeds,1,1,2.5,3.25,2.9,1.2664038000000002,1.5348806,1.6516376000000002,1.4251686
2026-01-31,Brighton,Everton,1,1,1.85,3.6,4.1,1.7669514,1.6639662000000002,1.193979,1.6203046
2026-01-31,Leeds,Arsenal,0,4,5.75,4.2,1.55,1.4656516,1.4419604000000001,2.1365044,1.0335642
2026-01-31,Wolves,Bournemouth,0,2,2.9,3.5,2.3,1.0206558000000001,0.9761322,2.1283032,1.4344304
2026-01-31,Chelsea,West Ham,3,2,1.5,4.5,6.0,2.306414,1.895036,1.8406895999999997,1.7923956
2026-01-31,Liverpool,Newcastle,4,1,1.8,3.9,4.1,1.6287113999999998,1.066417,2.0846446,1.3337172000000002
2026-02-01,Aston Villa,Brentford,0,1,2.1,3.5,3.4,1.7337605999999997,1.8674598,2.1896788000000003,1.2265238
2026-02-01,Man United,Fulham,3,2,1.57,4.5,5.0,1.8638863999999997,0.8637626,0.9629756,2.127766
2026-02-01,Nott'm Forest,Crystal Palace,1,1,1.95,3.5,3.9,1.1255082,1.945892,1.7052760000000002,2.297262
2026-02-01,Tottenham,Man City,2,2,4.5,4.1,1.73,1.5791518,1.3060749999999999,1.576883,1.5892967999999998
2026-02-02,Sunderland,Burnley,3,0,1.8,3.5,4.75,1.0991819999999999,2.2118740000000003,0.7991164,2.514088
2026-02-06,Leeds,Nott'm Forest,3,1,2.2,3.3,3.4,1.4695215999999998,1.8151484000000004,0.972069,1.936442
2026-02-07,Man United,Tottenham,2,0,1.57,4.5,5.0,2.0059984,0.9641906,1.7569660000000002,1.6020422
2026-02-07,Arsenal,Sunderland,3,0,1.22,6.25,12.0,1.9626883999999998,0.48091619999999996,1.2840538,1.7486542000000003
2026-02-07,Bournemouth,Aston Villa,1,1,2.7,3.5,2.5,1.7482512,1.3885484,1.5760026,1.047773
2026-02-07,Burnley,West Ham,0,2,3.3,3.5,2.15,0.5592886,2.3928920000000002,1.7305715999999998,1.7068336000000002
2026-02-07,Fulham,Everton,1,2,2.1,3.25,3.75,0.9561036000000002,2.0257980000000004,1.111181,1.5550646
2026-02-07,Wolves,Chelsea,1,3,5.0,4.0,1.67,1.1977938000000001,1.0677522,2.372092,1.541922
2026-02-07,Newcastle,Brentford,2,3,2.1,3.5,3.5,1.6430124,1.6885612,2.1414012,1.535494
2026-02-08,Brighton,Crystal Palace,0,1,1.95,3.5,3.9,1.4347734,1.4649302000000002,1.5641840000000002,2.1438448
2026-02-08,Liverpool,Man City,1,2,2.38,3.7,2.75,1.9129914,1.0914088,1.495617,1.6963445999999998
2026-02-10,Chelsea,Leeds,2,2,1.55,4.33,5.5,2.717196,1.558568,1.9518520000000001,1.7577463999999998
2026-02-10,Everton,Bournemouth,1,2,2.38,3.4,3.0,1.287605,1.3849586,1.923974,1.2618476
2026-02-10,Tottenham,Newcastle,1,2,3.2,3.6,2.2,1.5921468,1.9416980000000001,1.7617843999999998,1.7629552
2026-02-10,West Ham,Man United,1,1,4.5,4.2,1.7,1.9078959999999998,1.6282716000000002,2.0495883999999998,0.8888438000000001
2026-02-11,Aston Villa,Brighton,1,0,1.91,3.7,3.8,1.4193258,1.233425,1.287993,1.5997008000000001
2026-02-11,Crystal Palace,Burnley,2,3,1.57,4.0,6.25,1.4942148000000004,1.7458763999999998,0.8776664000000001,2.3230120000000003
2026-02-11,Man City,Fulham,3,0,1.36,5.5,7.0,1.772471,1.5421966,1.2745192,2.0595939999999997
2026-02-11,Nott'm Forest,Wolves,0,0,1.7,3.8,5.0,1.1245889999999998,2.326824,0.9726878000000001,1.7731726
2026-02-11,Sunderland,Liverpool,0,1,4.75,3.8,1.73,1.2760026,1.7039562,1.8225354,1.4525244000000002
2026-02-12,Brentford,Arsenal,1,1,4.75,3.9,1.7,1.8610872,1.998662,1.9454904,0.376792
2026-02-18,Wolves,Arsenal,2,2,11.0,5.25,1.29,0.9114216000000003,2.1847186,1.96196,0.6753716
2026-02-21,Aston Villa,Leeds,1,1,1.85,3.6,4.33,1.1205234000000002,1.0646761999999999,1.739112,1.9131084
2026-02-21,Brentford,Brighton,0,2,2.0,3.7,3.5,1.4512032000000001,1.8542100000000001,1.1179302,1.1231204000000001
2026-02-21,Chelsea,Burnley,1,1,1.22,6.5,12.0,2.869334,1.604438,0.951979,2.243556
2026-02-21,West Ham,Bournemouth,0,0,2.5,3.7,2.63,1.8219940000000001,1.522059,1.968366,1.4028556
2026-02-21,Man City,Newcastle,2,1,1.45,5.0,5.5,1.5161069999999999,1.4864386,1.7687763999999997,1.6301691999999999
2026-02-22,Crystal Palace,Wolves,1,0,1.65,4.0,5.0,1.6547248000000003,1.4701009999999999,0.8680022000000001,2.424092
2026-02-22,Nott'm Forest,Liverpool,0,1,4.1,3.9,1.8,1.6094110000000001,2.0608218000000003,2.375151,1.4509168000000001
2026-02-22,Sunderland,Fulham,1,3,2.7,3.25,2.7,1.1134734,1.5481082000000002,1.2730592,1.904824
2026-02-22,Tottenham,Arsenal,1,4,6.0,4.0,1.57,1.6047768000000002,2.197652,1.79135,0.6462992
2026-02-23,Everton,Man United,0,1,3.7,3.75,1.91,1.427191,1.5247206,1.6917658,1.0863938000000002
2026-02-27,Wolves,Aston Villa,2,0,4.1,3.7,1.85,1.0949636000000003,2.61813,1.1903228000000001,1.1712143999999998
2026-02-28,Bournemouth,Sunderland,1,1,1.8,3.75,4.33,1.7334381999999997,1.6725242000000002,1.0964514,1.7511622
2026-02-28,Burnley,Brentford,3,4,4.5,3.9,1.73,1.0450948,2.048534,1.4942072000000002,1.80409
2026-02-28,Liverpool,West Ham,5,2,1.42,4.75,6.5,2.1563290000000004,1.5284762,1.737296,1.2960212
2026-02-28,Newcastle,Everton,2,3,1.7,4.0,4.75,1.7077046,1.9974220000000003,1.390204,1.634582
2026-02-28,Leeds,Man City,0,1,4.75,4.33,1.62,1.5610260000000002,2.1122272,1.884,0.9734733999999999
2026-03-01,Brighton,Nott'm Forest,2,1,2.0,3.6,3.5,1.1931808,1.1216924000000001,1.7326684,1.9674438000000003
2026-03-01,Fulham,Tottenham,2,1,2.1,3.6,3.3,1.654692,1.823208,1.3508456,2.3075319999999997
2026-03-01,Man United,Crystal Palace,2,1,1.53,4.5,5.5,1.3681497999999999,1.1211756000000002,1.8315048000000005,1.436397
2026-03-01,Arsenal,Chelsea,2,1,1.6,3.8,5.5,2.16993,0.5947716,3.047876,1.5119060000000002
2026-03-03,Bournemouth,Brentford,0,0,2.5,3.6,2.63,1.4353582,1.7008312,1.5825712,1.6909388
2026-03-03,Everton,Burnley,2,0,1.57,4.0,6.0,1.6936828,1.52304,0.9000916,2.019538
2026-03-03,Leeds,Sunderland,0,1,1.85,3.4,4.33,1.501354,2.427912,1.1694578,1.6786802
2026-03-03,Wolves,Liverpool,2,1,5.5,4.5,1.5,0.9757996000000002,2.562554,2.38874,1.1358682
2026-03-04,Aston Villa,Chelsea,1,4,2.7,3.4,2.55,1.1886927999999999,1.0817884,2.7007780000000006,1.3715160000000002
2026-03-04,Brighton,Arsenal,0,1,4.75,4.1,1.65,1.0440908,1.0613164000000004,1.8042719999999999,0.8295656000000001
2026-03-04,Fulham,West Ham,0,1,2.0,3.5,3.7,1.8923459999999999,1.6243222,1.5702859999999998,1.5731316000000002
2026-03-04,Man City,Nott'm Forest,2,2,1.38,5.0,7.5,2.1645879999999997,1.1405848,1.6208624,1.8068318
2026-03-04,Newcastle,Man United,2,1,2.63,3.5,2.6,1.5405145999999998,2.214598,1.7091874,0.9132934
2026-03-05,Tottenham,Crystal Palace,1,3,2.35,3.25,3.1,1.0230778,2.461904,1.4248586000000003,1.2879809999999998
2026-03-14,Burnley,Bournemouth,0,0,4.1,3.8,1.83,1.0272632000000002,1.873928,1.5806662,1.4147908
2026-03-14,Sunderland,Brighton,0,1,3.3,3.3,2.25,0.9609289999999999,1.8310523999999997,0.9422864000000001,0.9080250000000001
2026-03-14,Arsenal,Everton,2,0,1.38,4.75,8.5,1.6684305999999995,0.9279662,1.6691208,1.3898358000000002
2026-03-14,Chelsea,Newcastle,0,1,1.8,4.2,3.8,2.8462780000000003,1.240054,1.8769247999999998,1.9557939999999998
2026-03-14,West Ham,Man City,1,1,4.33,4.33,1.7,1.5241719999999996,1.1664902000000001,2.30267,1.0883927999999998
2026-03-15,Crystal Palace,Leeds,0,0,2.55,3.3,2.88,1.4782886000000004,1.3497602,1.6432584000000001,1.8878291999999999
2026-03-15,Man United,Aston Villa,3,1,1.73,4.0,4.5,1.7016054,0.9625714000000001,0.9717687999999999,1.6965712
2026-03-15,Nott'm Forest,Fulham,0,0,2.2,3.4,3.3,1.6706955999999997,2.0225418,1.6739746,1.5546542
2026-03-15,Liverpool,Tottenham,1,1,1.3,6.25,8.0,2.203228,1.206211,0.9828317999999999,2.437706
2026-03-16,Brentford,Wolves,2,2,1.55,4.2,5.75,1.6542536,1.7238468,0.8802622000000001,2.244432
2026-03-20,Bournemouth,Man United,2,2,3.2,3.8,2.1,1.6893322000000002,1.6208816,1.6040993999999997,1.0860325999999998
2026-03-21,Brighton,Liverpool,2,1,3.1,3.5,2.2,1.0203908,0.8541608000000002,2.210076,0.954531
2026-03-21,Fulham,Burnley,3,1,1.53,4.1,6.25,1.4205202,1.3413004000000002,0.9933652000000001,2.123426
2026-03-21,Everton,Chelsea,3,0,3.5,3.4,2.1,1.5272587999999998,1.3312937999999999,2.438738,1.2238120000000001
2026-03-21,Leeds,Brentford,0,0,2.45,3.5,2.88,1.1940164,1.6607102,1.8835296,1.4196348
2026-03-22,Newcastle,Sunderland,1,2,1.67,4.0,5.0,1.4191268000000001,1.970766,1.0073006,1.8179144
2026-03-22,Aston Villa,West Ham,2,0,1.95,3.6,3.8,1.0846116000000001,1.6669252,1.3975084,1.1881222
2026-03-22,Tottenham,Nott'm Forest,0,3,2.25,3.4,3.2,1.0954229999999998,2.2647060000000003,1.5027377999999998,1.5329814000000002
2026-04-10,West Ham,Wolves,4,0,1.8,3.8,4.33,1.2880271999999997,1.5380248,1.1589584000000002,2.0655639999999997
2026-04-11,Arsenal,Bournemouth,1,2,1.44,4.5,7.5,1.8933045999999998,0.8013522,1.7602401999999997,1.5038016000000003
2026-04-11,Brentford,Everton,2,2,2.15,3.3,3.5,1.5816658000000001,1.346258,1.3500948,1.3191598
2026-04-11,Burnley,Brighton,0,2,4.5,4.0,1.73,1.2402226,2.394782,1.6100416,0.9302934
2026-04-11,Liverpool,Fulham,2,0,1.65,4.2,4.75,1.7850922,1.5016842,1.9068302,1.3909683999999998
2026-04-12,Crystal Palace,Newcastle,2,1,3.0,3.6,2.2,1.3976488000000002,1.4293166,1.1785548,2.1662299999999997
2026-04-12,Nott'm Forest,Aston Villa,1,1,2.63,3.3,2.7,1.0733658,1.7753696,1.46644,1.7226748
2026-04-12,Sunderland,Tottenham,1,0,2.7,3.2,2.7,1.4018557999999999,1.4549804,1.081353,2.07954
2026-04-12,Chelsea,Man City,0,3,3.1,3.8,2.15,2.066672,1.25498,2.2106380000000003,0.9328852
2026-04-13,Man United,Leeds,1,2,1.62,4.1,5.0,1.8060939999999999,1.1778686,1.0195796,1.0788024
2026-04-18,Brentford,Fulham,0,0,2.1,3.75,3.25,1.6962238000000003,1.3859179999999998,1.7574862,1.4417864000000002
2026-04-18,Leeds,Wolves,3,0,1.62,3.9,5.75,1.3541056,1.1010344,1.2387280000000003,2.1722859999999997
2026-04-18,Newcastle,Bournemouth,1,2,2.0,3.75,3.5,1.331562,2.3487999999999998,1.9346159999999997,1.6676696
2026-04-18,Tottenham,Brighton,2,2,2.7,3.75,2.4,1.2078962,1.7713060000000003,1.5499996,0.7546532000000001
2026-04-18,Chelsea,Man United,0,1,2.2,3.5,3.2,1.8078200000000002,1.5341479999999998,1.7882639999999999,1.6559198
2026-04-19,Aston Villa,Sunderland,4,3,1.67,3.75,5.5,1.4881559999999998,1.6370548,1.4048438,1.2247844
2026-04-19,Everton,Liverpool,1,2,3.1,3.4,2.3,1.551976,1.4808238,1.7088221999999997,1.5987786
2026-04-19,Nott'm Forest,Burnley,4,1,1.5,4.2,7.0,1.0565022000000002,1.5686956,1.2001184,2.106078
2026-04-19,Man City,Arsenal,2,1,1.83,3.7,4.2,2.356872,0.9665352,2.1239605999999998,1.0456504
2026-04-20,Crystal Palace,West Ham,0,0,2.38,3.2,3.1,1.5999948000000004,1.54566,1.3279611999999998,1.5478720000000001
2026-04-21,Brighton,Chelsea,3,0,2.5,3.5,2.7,1.5372455999999999,0.9006472000000002,1.7935020000000002,1.2781605999999999
2026-04-22,Bournemouth,Leeds,2,2,2.0,3.5,3.6,2.243072,1.7742296,1.7900655999999997,0.7210918000000001
2026-04-22,Burnley,Man City,0,1,19.0,9.0,1.13,1.1556372,1.9053879999999999,2.4346319999999997,1.3228724
2026-04-24,Sunderland,Nott'm Forest,0,5,2.7,3.2,2.7,1.5010857999999998,1.6403624,1.1788922,1.4487652
2026-04-25,Fulham,Aston Villa,1,0,2.75,3.6,2.45,1.4514875999999999,1.7184722000000001,2.0059460000000002,1.6475288
2026-04-25,Liverpool,Crystal Palace,3,1,1.44,5.0,6.25,1.5656102,1.6241185999999999,1.3395652000000002,1.334651
2026-04-25,West Ham,Everton,2,1,2.4,3.4,2.9,1.1821101999999999,1.2746824,1.366194,1.5337118
2026-04-25,Wolves,Tottenham,0,1,4.5,4.33,1.67,1.0169554,2.476776,1.329582,1.534626
2026-04-25,Arsenal,Newcastle,1,0,1.45,4.75,6.25,1.9184866,1.4920535999999998,1.430118,2.540662
2026-04-27,Man United,Brentford,2,1,1.85,3.8,4.0,1.4062546,1.8351979999999997,1.6741378,1.3792946000000001
2026-05-01,Leeds,Burnley,3,1,1.33,5.0,9.5,1.8556211999999999,0.9350305999999999,1.1979465999999999,2.355474
2026-05-02,Brentford,West Ham,3,0,1.91,3.75,3.75,1.8002382000000003,1.2854586,1.2501741999999996,1.3719378
2026-05-02,Newcastle,Brighton,3,1,2.5,3.75,2.6,1.2106234,2.3073578,1.8569679999999997,0.8572596000000002
2026-05-02,Wolves,Sunderland,1,1,3.1,3.2,2.1,0.8679446000000001,2.426926,1.4551792,1.7711320000000002
2026-05-02,Arsenal,Fulham,3,0,1.44,4.33,7.0,1.7031284,1.395297,1.574001,1.6006474000000002
2026-05-03,Bournemouth,Crystal Palace,3,0,1.57,4.33,5.25,2.162242,1.8827660000000002,1.7024494000000003,1.155575
2026-05-03,Man United,Liverpool,3,2,2.3,3.8,2.75,1.4148166,1.70269,1.4213182,1.9367359999999998
2026-05-03,Aston Villa,Tottenham,1,2,2.15,3.6,3.2,1.9734691999999998,1.2179008,1.283158,1.3041272000000002
2026-05-04,Chelsea,Nott'm Forest,1,3,1.7,4.0,4.75,1.1753090000000002,1.5680206,1.2400242,1.0263198
2026-05-04,Everton,Man City,3,3,6.5,4.75,1.44,1.357384,1.748386,2.62274,1.2419796
2026-05-09,Liverpool,Chelsea,1,1,1.83,4.0,3.9,1.3667942,2.216688,1.2645570000000002,1.8235565999999999
2026-05-09,Brighton,Wolves,3,0,1.27,6.25,9.5,2.0055280000000004,1.351309,1.1330000000000002,2.1772828
2026-05-09,Fulham,Bournemouth,0,1,2.75,3.6,2.4,1.5265461999999999,2.2546031999999996,2.147536,1.6830418000000003
2026-05-09,Sunderland,Man United,0,0,3.9,3.75,1.85,1.5081533999999999,1.9377299999999997,1.5903946,1.666176
2026-05-09,Man City,Brentford,3,0,1.36,5.75,7.0,2.360842,1.3318116,1.6956662000000002,1.0761496
2026-05-10,Burnley,Aston Villa,2,2,5.0,4.33,1.6,0.949476,2.3006079999999995,1.853226,1.1067048
2026-05-10,Crystal Palace,Everton,2,2,2.7,3.3,2.63,1.4550852000000003,1.355597,1.4588059999999998,1.6500880000000002
2026-05-10,Nott'm Forest,Newcastle,1,1,2.6,3.6,2.6,1.5378599999999998,1.2737862,1.6299873999999999,2.3365658
2026-05-10,West Ham,Arsenal,0,1,5.5,4.2,1.57,1.3031567999999996,1.4357658,2.4183258,1.3507942
2026-05-11,Tottenham,Leeds,1,1,1.83,4.1,3.75,1.2763360000000001,1.165874,2.0475972,0.9169090000000001
2026-05-13,Man City,Crystal Palace,3,0,1.2,7.5,12.0,2.84478,1.3680227999999999,2.0076962000000003,1.5490110000000001
2026-05-15,Aston Villa,Liverpool,4,2,2.75,3.5,2.4,1.7071560000000001,1.297162,1.3000722,1.6502127999999998
2026-05-17,Man United,Nott'm Forest,3,2,1.6,4.2,5.25,1.3484427999999997,1.560368,1.521912,1.2801402
2026-05-17,Brentford,Crystal Palace,2,2,1.73,4.2,4.33,1.7692296000000003,1.8675483999999998,1.4656026,1.6857710000000001
2026-05-17,Everton,Sunderland,1,3,1.8,3.75,4.33,1.5902720000000001,2.037454,1.2223594,1.7915162000000002
2026-05-17,Leeds,Brighton,1,0,3.2,3.6,2.15,2.3380900000000002,1.1545368,1.76447,1.2630782000000003
2026-05-17,Wolves,Fulham,1,1,3.8,3.8,1.9,0.8760414000000001,2.0628168000000002,1.0783382,2.0690918
2026-05-17,Newcastle,West Ham,3,1,2.1,3.8,3.2,1.7067114,2.0961198,1.415168,1.2246158
2026-05-18,Arsenal,Burnley,1,0,1.09,11.0,23.0,2.3225217999999996,1.3791221999999999,0.906832,1.9547180000000002
2026-05-19,Bournemouth,Man City,1,1,4.5,4.33,1.67,1.9938086000000002,1.5825618000000001,2.75446,1.2095791999999999
2026-05-19,Chelsea,Tottenham,2,1,1.91,3.7,3.9,1.1137078000000002,1.6591308000000002,1.250628,1.2310100000000002
2026-05-24,Brighton,Man United,0,3,1.85,4.2,3.6,1.996582,1.2502236000000002,1.9323968,1.338968
2026-05-24,Burnley,Wolves,1,1,2.35,3.5,2.9,0.7834030000000001,1.9857439999999997,1.061098,1.8508828000000002
2026-05-24,Crystal Palace,Arsenal,1,2,4.2,4.0,1.75,1.6834622000000004,1.8704100000000001,1.9352197999999998,1.1391769999999999
2026-05-24,Fulham,Newcastle,2,0,2.88,3.8,2.25,1.0911142000000003,1.9655437999999996,1.8788334,1.659808
2026-05-24,Liverpool,Brentford,1,1,1.8,4.2,3.8,1.2071282,1.8712048,1.6257536000000001,1.9180304
2026-05-24,Man City,Aston Villa,1,2,1.29,6.0,9.0,2.485238,1.0946232,1.939602,1.437126
2026-05-24,Nott'm Forest,Bournemouth,1,1,3.3,3.75,2.05,1.7206579999999998,1.8646102,2.0578586000000003,1.2037038
2026-05-24,Sunderland,Chelsea,2,1,3.6,3.6,2.0,1.1239574,1.8526821999999998,1.0880158000000002,1.6079067999999999
2026-05-24,Tottenham,Everton,1,0,1.91,3.75,3.8,1.4778859999999998,1.0943660000000002,1.540568,1.8416159999999997
2026-05-24,West Ham,Leeds,3,0,1.85,4.0,3.75,1.0979641999999998,1.5369424,1.8974052000000001,1.3279028
