id,isResult,h,a,goals,xG,datetime,forecast
28778,True,"{'id': '87', 'title': 'Liverpool', 'short_title': 'LIV'}","{'id': '73', 'title': 'Bournemouth', 'short_title': 'BOU'}","{'h': '4', 'a': '2'}","{'h': '2.33007', 'a': '1.57303'}",2025-08-15 19:00:00,"{'w': '0.5498', 'd': '0.2276', 'l': '0.2226'}"
28779,True,"{'id': '71', 'title': 'Aston Villa', 'short_title': 'AVL'}","{'id': '86', 'title': 'Newcastle United', 'short_title': 'NEW'}","{'h': '0', 'a': '0'}","{'h': '0.318601', 'a': '1.40098'}",2025-08-16 11:30:00,"{'w': '0.0629', 'd': '0.2371', 'l': '0.7'}"
28780,True,"{'id': '220', 'title': 'Brighton', 'short_title': 'BRI'}","{'id': '228', 'title': 'Fulham', 'short_title': 'FLH'}","{'h': '1', 'a': '1'}","{'h': '1.44008', 'a': '0.902883'}",2025-08-16 14:00:00,"{'w': '0.5158', 'd': '0.3088', 'l': '0.1754'}"
28781,True,"{'id': '77', 'title': 'Sunderland', 'short_title': 'SUN'}","{'id': '81', 'title': 'West Ham', 'short_title': 'WHU'}","{'h': '3', 'a': '0'}","{'h': '0.724368', 'a': '0.558948'}",2025-08-16 14:00:00,"{'w': '0.363', 'd': '0.391', 'l': '0.246'}"
28782,True,"{'id': '82', 'title': 'Tottenham', 'short_title': 'TOT'}","{'id': '92', 'title': 'Burnley', 'short_title': 'BUR'}","{'h': '3', 'a': '0'}","{'h': '1.97858', 'a': '0.734138'}",2025-08-16 14:00:00,"{'w': '0.7032', 'd': '0.1993', 'l': '0.0975'}"
28783,True,"{'id': '229', 'title': 'Wolverhampton Wanderers', 'short_title': 'WOL'}","{'id': '88', 'title': 'Manchester City', 'short_title': 'MCI'}","{'h': '0', 'a': '4'}","{'h': '0.519436', 'a': '2.29903'}",2025-08-16 16:30:00,"{'w': '0.0404', 'd': '0.1179', 'l': '0.8417'}"
28784,True,"{'id': '80', 'title': 'Chelsea', 'short_title': 'CHE'}","{'id': '78', 'title': 'Crystal Palace', 'short_title': 'CRY'}","{'h': '0', 'a': '0'}","{'h': '1.36793', 'a': '1.03414'}",2025-08-17 13:00:00,"{'w': '0.4404', 'd': '0.2929', 'l': '0.2667'}"
28785,True,"{'id': '249', 'title': 'Nottingham Forest', 'short_title': 'NOT'}","{'id': '244', 'title': 'Brentford', 'short_title': 'BRE'}","{'h': '3', 'a': '1'}","{'h': '1.7555', 'a': '1.32516'}",2025-08-17 13:00:00,"{'w': '0.4714', 'd': '0.2855', 'l': '0.2431'}"
28786,True,"{'id': '89', 'title': 'Manchester United', 'short_title': 'MUN'}","{'id': '83', 'title': 'Arsenal', 'short_title': 'ARS'}","{'h': '0', 'a': '1'}","{'h': '1.37653', 'a': '1.3304'}",2025-08-17 15:30:00,"{'w': '0.3408', 'd': '0.3074', 'l': '0.3518'}"
28787,True,"{'id': '245', 'title': 'Leeds', 'short_title': 'LED'}","{'id': '72', 'title': 'Everton', 'short_title': 'EVE'}","{'h': '1', 'a': '0'}","{'h': '2.3812', 'a': '0.674338'}",2025-08-18 19:00:00,"{'w': '0.8116', 'd': '0.1394', 'l': '0.049'}"
28788,True,"{'id': '81', 'title': 'West Ham', 'short_title': 'WHU'}","{'id': '80', 'title': 'Chelsea', 'short_title': 'CHE'}","{'h': '1', 'a': '5'}","{'h': '0.978572', 'a': '3.94997'}",2025-08-22 19:00:00,"{'w': '0.0153', 'd': '0.0485', 'l': '0.9362'}"
28789,True,"{'id': '88', 'title': 'Manchester City', 'short_title': 'MCI'}","{'id': '82', 'title': 'Tottenham', 'short_title': 'TOT'}","{'h': '0', 'a': '2'}","{'h': '1.2475', 'a': '1.28015'}",2025-08-23 11:30:00,"{'w': '0.3526', 'd': '0.2889', 'l': '0.3585'}"
28790,True,"{'id': '244', 'title': 'Brentford', 'short_title': 'BRE'}","{'id': '71', 'title': 'Aston Villa', 'short_title': 'AVL'}","{'h': '1', 'a': '0'}","{'h': '1.12964', 'a': '0.976852'}",2025-08-23 14:00:00,"{'w': '0.4019', 'd': '0.3328', 'l': '0.2653'}"
28791,True,"{'id': '92', 'title': 'Burnley', 'short_title': 'BUR'}","{'id': '77', 'title': 'Sunderland', 'short_title': 'SUN'}","{'h': '2', 'a': '0'}","{'h': '1.00381', 'a': '1.12127'}",2025-08-23 14:00:00,"{'w': '0.2978', 'd': '0.3293', 'l': '0.3729'}"
28792,True,"{'id': '73', 'title': 'Bournemouth', 'short_title': 'BOU'}","{'id': '229', 'title': 'Wolverhampton Wanderers', 'short_title': 'WOL'}","{'h': '1', 'a': '0'}","{'h': '1.78462', 'a': '0.373367'}",2025-08-23 14:00:00,"{'w': '0.7888', 'd': '0.1642', 'l': '0.047'}"
28793,True,"{'id': '83', 'title': 'Arsenal', 'short_title': 'ARS'}","{'id': '245', 'title': 'Leeds', 'short_title': 'LED'}","{'h': '5', 'a': '0'}","{'h': '2.73761', 'a': '0.156761'}",2025-08-23 16:30:00,"{'w': '0.9569', 'd': '0.039', 'l': '0.0041'}"
28794,True,"{'id': '78', 'title': 'Crystal Palace', 'short_title': 'CRY'}","{'id': '249', 'title': 'Nottingham Forest', 'short_title': 'NOT'}","{'h': '1', 'a': '1'}","{'h': '1.10188', 'a': '1.32987'}",2025-08-24 13:00:00,"{'w': '0.2822', 'd': '0.3071', 'l': '0.4107'}"
28795,True,"{'id': '72', 'title': 'Everton', 'short_title': 'EVE'}","{'id': '220', 'title': 'Brighton', 'short_title': 'BRI'}","{'h': '2', 'a': '0'}","{'h': '1.80116', 'a': '2.08487'}",2025-08-24 13:00:00,"{'w': '0.2765', 'd': '0.2775', 'l': '0.446'}"
28796,True,"{'id': '228', 'title': 'Fulham', 'short_title': 'FLH'}","{'id': '89', 'title': 'Manchester United', 'short_title': 'MUN'}","{'h': '1', 'a': '1'}","{'h': '1.65333', 'a': '1.54603'}",2025-08-24 15:30:00,"{'w': '0.3868', 'd': '0.2852', 'l': '0.328'}"
28797,True,"{'id': '86', 'title': 'Newcastle United', 'short_title': 'NEW'}","{'id': '87', 'title': 'Liverpool', 'short_title': 'LIV'}","{'h': '2', 'a': '3'}","{'h': '1.96342', 'a': '0.646559'}",2025-08-25 19:00:00,"{'w': '0.7493', 'd': '0.1793', 'l': '0.0714'}"
28798,True,"{'id': '80', 'title': 'Chelsea', 'short_title': 'CHE'}","{'id': '228', 'title': 'Fulham', 'short_title': 'FLH'}","{'h': '2', 'a': '0'}","{'h': '2.4324', 'a': '0.736228'}",2025-08-30 11:30:00,"{'w': '0.811', 'd': '0.1338', 'l': '0.0552'}"
28799,True,"{'id': '82', 'title': 'Tottenham', 'short_title': 'TOT'}","{'id': '73', 'title': 'Bournemouth', 'short_title': 'BOU'}","{'h': '0', 'a': '1'}","{'h': '0.17067', 'a': '2.1201'}",2025-08-30 14:00:00,"{'w': '0.016', 'd': '0.1089', 'l': '0.8751'}"
28800,True,"{'id': '229', 'title': 'Wolverhampton Wanderers', 'short_title': 'WOL'}","{'id': '72', 'title': 'Everton', 'short_title': 'EVE'}","{'h': '2', 'a': '3'}","{'h': '0.943257', 'a': '2.03791'}",2025-08-30 14:00:00,"{'w': '0.1205', 'd': '0.2084', 'l': '0.6711'}"
28801,True,"{'id': '77', 'title': 'Sunderland', 'short_title': 'SUN'}","{'id': '244', 'title': 'Brentford', 'short_title': 'BRE'}","{'h': '2', 'a': '1'}","{'h': '1.57127', 'a': '1.44604'}",2025-08-30 14:00:00,"{'w': '0.3654', 'd': '0.3194', 'l': '0.3152'}"
28802,True,"{'id': '89', 'title': 'Manchester United', 'short_title': 'MUN'}","{'id': '92', 'title': 'Burnley', 'short_title': 'BUR'}","{'h': '3', 'a': '2'}","{'h': '4.02237', 'a': '1.32618'}",2025-08-30 14:00:00,"{'w': '0.911', 'd': '0.0655', 'l': '0.0235'}"
28803,True,"{'id': '245', 'title': 'Leeds', 'short_title': 'LED'}","{'id': '86', 'title': 'Newcastle United', 'short_title': 'NEW'}","{'h': '0', 'a': '0'}","{'h': '0.6773', 'a': '0.303635'}",2025-08-30 16:30:00,"{'w': '0.408', 'd': '0.4518', 'l': '0.1402'}"
28804,True,"{'id': '249', 'title': 'Nottingham Forest', 'short_title': 'NOT'}","{'id': '81', 'title': 'West Ham', 'short_title': 'WHU'}","{'h': '0', 'a': '3'}","{'h': '0.716018', 'a': '2.236'}",2025-08-31 13:00:00,"{'w': '0.0594', 'd': '0.1552', 'l': '0.7854'}"
28805,True,"{'id': '220', 'title': 'Brighton', 'short_title': 'BRI'}","{'id': '88', 'title': 'Manchester City', 'short_title': 'MCI'}","{'h': '2', 'a': '1'}","{'h': '2.20864', 'a': '2.13418'}",2025-08-31 13:00:00,"{'w': '0.3828', 'd': '0.2726', 'l': '0.3446'}"
28806,True,"{'id': '87', 'title': 'Liverpool', 'short_title': 'LIV'}","{'id': '83', 'title': 'Arsenal', 'short_title': 'ARS'}","{'h': '1', 'a': '0'}","{'h': '0.481404', 'a': '0.485679'}",2025-08-31 15:30:00,"{'w': '0.2681', 'd': '0.4624', 'l': '0.2695'}"
28807,True,"{'id': '71', 'title': 'Aston Villa', 'short_title': 'AVL'}","{'id': '78', 'title': 'Crystal Palace', 'short_title': 'CRY'}","{'h': '0', 'a': '3'}","{'h': '1.20586', 'a': '2.59713'}",2025-08-31 18:00:00,"{'w': '0.0734', 'd': '0.161', 'l': '0.7656'}"
28808,True,"{'id': '83', 'title': 'Arsenal', 'short_title': 'ARS'}","{'id': '249', 'title': 'Nottingham Forest', 'short_title': 'NOT'}","{'h': '3', 'a': '0'}","{'h': '2.8817', 'a': '0.293681'}",2025-09-13 11:30:00,"{'w': '0.9419', 'd': '0.048', 'l': '0.0101'}"
28809,True,"{'id': '86', 'title': 'Newcastle United', 'short_title': 'NEW'}","{'id': '229', 'title': 'Wolverhampton Wanderers', 'short_title': 'WOL'}","{'h': '1', 'a': '0'}","{'h': '1.19186', 'a': '0.375942'}",2025-09-13 14:00:00,"{'w': '0.6234', 'd': '0.2851', 'l': '0.0915'}"
28810,True,"{'id': '73', 'title': 'Bournemouth', 'short_title': 'BOU'}","{'id': '220', 'title': 'Brighton', 'short_title': 'BRI'}","{'h': '2', 'a': '1'}","{'h': '1.44187', 'a': '0.624923'}",2025-09-13 14:00:00,"{'w': '0.6177', 'd': '0.2664', 'l': '0.1159'}"
28811,True,"{'id': '78', 'title': 'Crystal Palace', 'short_title': 'CRY'}","{'id': '77', 'title': 'Sunderland', 'short_title': 'SUN'}","{'h': '0', 'a': '0'}","{'h': '1.75805', 'a': '0.354129'}",2025-09-13 14:00:00,"{'w': '0.7823', 'd': '0.1686', 'l': '0.0491'}"
28812,True,"{'id': '72', 'title': 'Everton', 'short_title': 'EVE'}","{'id': '71', 'title': 'Aston Villa', 'short_title': 'AVL'}","{'h': '0', 'a': '0'}","{'h': '1.8927', 'a': '0.354327'}",2025-09-13 14:00:00,"{'w': '0.7847', 'd': '0.1658', 'l': '0.0495'}"
28813,True,"{'id': '228', 'title': 'Fulham', 'short_title': 'FLH'}","{'id': '245', 'title': 'Leeds', 'short_title': 'LED'}","{'h': '1', 'a': '0'}","{'h': '1.13979', 'a': '0.830398'}",2025-09-13 14:00:00,"{'w': '0.4371', 'd': '0.3383', 'l': '0.2246'}"
28814,True,"{'id': '81', 'title': 'West Ham', 'short_title': 'WHU'}","{'id': '82', 'title': 'Tottenham', 'short_title': 'TOT'}","{'h': '0', 'a': '3'}","{'h': '0.793248', 'a': '1.51402'}",2025-09-13 16:30:00,"{'w': '0.1696', 'd': '0.2807', 'l': '0.5497'}"
28815,True,"{'id': '244', 'title': 'Brentford', 'short_title': 'BRE'}","{'id': '80', 'title': 'Chelsea', 'short_title': 'CHE'}","{'h': '2', 'a': '2'}","{'h': '1.17533', 'a': '0.755999'}",2025-09-13 19:00:00,"{'w': '0.495', 'd': '0.2994', 'l': '0.2056'}"
28816,True,"{'id': '92', 'title': 'Burnley', 'short_title': 'BUR'}","{'id': '87', 'title': 'Liverpool', 'short_title': 'LIV'}","{'h': '0', 'a': '1'}","{'h': '0.168041', 'a': '2.79492'}",2025-09-14 13:00:00,"{'w': '0.0037', 'd': '0.0387', 'l': '0.9576'}"
28817,True,"{'id': '88', 'title': 'Manchester City', 'short_title': 'MCI'}","{'id': '89', 'title': 'Manchester United', 'short_title': 'MUN'}","{'h': '3', 'a': '0'}","{'h': '1.99725', 'a': '1.51915'}",2025-09-14 15:30:00,"{'w': '0.4799', 'd': '0.2573', 'l': '0.2628'}"
28818,True,"{'id': '87', 'title': 'Liverpool', 'short_title': 'LIV'}","{'id': '72', 'title': 'Everton', 'short_title': 'EVE'}","{'h': '2', 'a': '1'}","{'h': '1.06166', 'a': '0.721371'}",2025-09-20 11:30:00,"{'w': '0.4455', 'd': '0.33', 'l': '0.2245'}"
28819,True,"{'id': '81', 'title': 'West Ham', 'short_title': 'WHU'}","{'id': '78', 'title': 'Crystal Palace', 'short_title': 'CRY'}","{'h': '1', 'a': '2'}","{'h': '0.466365', 'a': '2.33565'}",2025-09-20 14:00:00,"{'w': '0.035', 'd': '0.1161', 'l': '0.8489'}"
28820,True,"{'id': '229', 'title': 'Wolverhampton Wanderers', 'short_title': 'WOL'}","{'id': '245', 'title': 'Leeds', 'short_title': 'LED'}","{'h': '1', 'a': '3'}","{'h': '1.5661', 'a': '0.456988'}",2025-09-20 14:00:00,"{'w': '0.6878', 'd': '0.2266', 'l': '0.0856'}"
28821,True,"{'id': '220', 'title': 'Brighton', 'short_title': 'BRI'}","{'id': '82', 'title': 'Tottenham', 'short_title': 'TOT'}","{'h': '2', 'a': '2'}","{'h': '1.40466', 'a': '1.19181'}",2025-09-20 14:00:00,"{'w': '0.4028', 'd': '0.3289', 'l': '0.2683'}"
28822,True,"{'id': '92', 'title': 'Burnley', 'short_title': 'BUR'}","{'id': '249', 'title': 'Nottingham Forest', 'short_title': 'NOT'}","{'h': '1', 'a': '1'}","{'h': '1.14159', 'a': '0.830779'}",2025-09-20 14:00:00,"{'w': '0.4397', 'd': '0.3168', 'l': '0.2435'}"
28824,True,"{'id': '89', 'title': 'Manchester United', 'short_title': 'MUN'}","{'id': '80', 'title': 'Chelsea', 'short_title': 'CHE'}","{'h': '2', 'a': '1'}","{'h': '1.34458', 'a': '0.469843'}",2025-09-20 16:30:00,"{'w': '0.6294', 'd': '0.2748', 'l': '0.0958'}"
28825,True,"{'id': '228', 'title': 'Fulham', 'short_title': 'FLH'}","{'id': '244', 'title': 'Brentford', 'short_title': 'BRE'}","{'h': '3', 'a': '1'}","{'h': '1.52431', 'a': '0.826556'}",2025-09-20 19:00:00,"{'w': '0.5643', 'd': '0.2588', 'l': '0.1769'}"
28823,True,"{'id': '73', 'title': 'Bournemouth', 'short_title': 'BOU'}","{'id': '86', 'title': 'Newcastle United', 'short_title': 'NEW'}","{'h': '0', 'a': '0'}","{'h': '0.55066', 'a': '0.153629'}",2025-09-21 13:00:00,"{'w': '0.3942', 'd': '0.5216', 'l': '0.0842'}"
28826,True,"{'id': '77', 'title': 'Sunderland', 'short_title': 'SUN'}","{'id': '71', 'title': 'Aston Villa', 'short_title': 'AVL'}","{'h': '1', 'a': '1'}","{'h': '0.938312', 'a': '0.939354'}",2025-09-21 13:00:00,"{'w': '0.3258', 'd': '0.3463', 'l': '0.3279'}"
28827,True,"{'id': '83', 'title': 'Arsenal', 'short_title': 'ARS'}","{'id': '88', 'title': 'Manchester City', 'short_title': 'MCI'}","{'h': '1', 'a': '1'}","{'h': '0.718575', 'a': '1.1227'}",2025-09-21 15:30:00,"{'w': '0.2028', 'd': '0.3221', 'l': '0.4751'}"
28828,True,"{'id': '244', 'title': 'Brentford', 'short_title': 'BRE'}","{'id': '89', 'title': 'Manchester United', 'short_title': 'MUN'}","{'h': '3', 'a': '1'}","{'h': '2.78726', 'a': '2.23609'}",2025-09-27 11:30:00,"{'w': '0.5118', 'd': '0.2491', 'l': '0.2391'}"
28829,True,"{'id': '80', 'title': 'Chelsea', 'short_title': 'CHE'}","{'id': '220', 'title': 'Brighton', 'short_title': 'BRI'}","{'h': '1', 'a': '3'}","{'h': '2.02653', 'a': '2.4751'}",2025-09-27 14:00:00,"{'w': '0.2603', 'd': '0.2482', 'l': '0.4915'}"
28830,True,"{'id': '78', 'title': 'Crystal Palace', 'short_title': 'CRY'}","{'id': '87', 'title': 'Liverpool', 'short_title': 'LIV'}","{'h': '2', 'a': '1'}","{'h': '3.53323', 'a': '3.10176'}",2025-09-27 14:00:00,"{'w': '0.4872', 'd': '0.1968', 'l': '0.316'}"
28832,True,"{'id': '245', 'title': 'Leeds', 'short_title': 'LED'}","{'id': '73', 'title': 'Bournemouth', 'short_title': 'BOU'}","{'h': '2', 'a': '2'}","{'h': '2.04728', 'a': '1.06033'}",2025-09-27 14:00:00,"{'w': '0.6258', 'd': '0.219', 'l': '0.1552'}"
28833,True,"{'id': '88', 'title': 'Manchester City', 'short_title': 'MCI'}","{'id': '92', 'title': 'Burnley', 'short_title': 'BUR'}","{'h': '5', 'a': '1'}","{'h': '3.22133', 'a': '0.509491'}",2025-09-27 14:00:00,"{'w': '0.9279', 'd': '0.0602', 'l': '0.0119'}"
28834,True,"{'id': '249', 'title': 'Nottingham Forest', 'short_title': 'NOT'}","{'id': '77', 'title': 'Sunderland', 'short_title': 'SUN'}","{'h': '0', 'a': '1'}","{'h': '1.4203', 'a': '1.94154'}",2025-09-27 16:30:00,"{'w': '0.2527', 'd': '0.2346', 'l': '0.5127'}"
28835,True,"{'id': '82', 'title': 'Tottenham', 'short_title': 'TOT'}","{'id': '229', 'title': 'Wolverhampton Wanderers', 'short_title': 'WOL'}","{'h': '1', 'a': '1'}","{'h': '0.818711', 'a': '1.15951'}",2025-09-27 19:00:00,"{'w': '0.2181', 'd': '0.3376', 'l': '0.4443'}"
28831,True,"{'id': '71', 'title': 'Aston Villa', 'short_title': 'AVL'}","{'id': '228', 'title': 'Fulham', 'short_title': 'FLH'}","{'h': '3', 'a': '1'}","{'h': '1.36575', 'a': '0.952612'}",2025-09-28 13:00:00,"{'w': '0.4792', 'd': '0.293', 'l': '0.2278'}"
28836,True,"{'id': '86', 'title': 'Newcastle United', 'short_title': 'NEW'}","{'id': '83', 'title': 'Arsenal', 'short_title': 'ARS'}","{'h': '1', 'a': '2'}","{'h': '0.739851', 'a': '2.07048'}",2025-09-28 15:30:00,"{'w': '0.0956', 'd': '0.1872', 'l': '0.7172'}"
28837,True,"{'id': '72', 'title': 'Everton', 'short_title': 'EVE'}","{'id': '81', 'title': 'West Ham', 'short_title': 'WHU'}","{'h': '1', 'a': '1'}","{'h': '0.909703', 'a': '0.775766'}",2025-09-29 19:00:00,"{'w': '0.3639', 'd': '0.3478', 'l': '0.2883'}"
28838,True,"{'id': '73', 'title': 'Bournemouth', 'short_title': 'BOU'}","{'id': '228', 'title': 'Fulham', 'short_title': 'FLH'}","{'h': '3', 'a': '1'}","{'h': '1.33458', 'a': '0.84335'}",2025-10-03 19:00:00,"{'w': '0.5037', 'd': '0.2971', 'l': '0.1992'}"
28844,True,"{'id': '245', 'title': 'Leeds', 'short_title': 'LED'}","{'id': '82', 'title': 'Tottenham', 'short_title': 'TOT'}","{'h': '1', 'a': '2'}","{'h': '1.48051', 'a': '0.688198'}",2025-10-04 11:30:00,"{'w': '0.6', 'd': '0.2633', 'l': '0.1367'}"
28839,True,"{'id': '83', 'title': 'Arsenal', 'short_title': 'ARS'}","{'id': '81', 'title': 'West Ham', 'short_title': 'WHU'}","{'h': '2', 'a': '0'}","{'h': '3.0585', 'a': '0.864549'}",2025-10-04 14:00:00,"{'w': '0.8876', 'd': '0.0891', 'l': '0.0233'}"
28845,True,"{'id': '89', 'title': 'Manchester United', 'short_title': 'MUN'}","{'id': '77', 'title': 'Sunderland', 'short_title': 'SUN'}","{'h': '2', 'a': '0'}","{'h': '1.9298', 'a': '0.807119'}",2025-10-04 14:00:00,"{'w': '0.6826', 'd': '0.2067', 'l': '0.1107'}"
28842,True,"{'id': '80', 'title': 'Chelsea', 'short_title': 'CHE'}","{'id': '87', 'title': 'Liverpool', 'short_title': 'LIV'}","{'h': '2', 'a': '1'}","{'h': '1.23721', 'a': '2.05981'}",2025-10-04 16:30:00,"{'w': '0.1603', 'd': '0.2554', 'l': '0.5843'}"
28840,True,"{'id': '71', 'title': 'Aston Villa', 'short_title': 'AVL'}","{'id': '92', 'title': 'Burnley', 'short_title': 'BUR'}","{'h': '2', 'a': '1'}","{'h': '1.73572', 'a': '0.502292'}",2025-10-05 13:00:00,"{'w': '0.7029', 'd': '0.2168', 'l': '0.0803'}"
28843,True,"{'id': '72', 'title': 'Everton', 'short_title': 'EVE'}","{'id': '78', 'title': 'Crystal Palace', 'short_title': 'CRY'}","{'h': '2', 'a': '1'}","{'h': '2.13876', 'a': '2.17789'}",2025-10-05 13:00:00,"{'w': '0.3623', 'd': '0.2646', 'l': '0.3731'}"
28846,True,"{'id': '86', 'title': 'Newcastle United', 'short_title': 'NEW'}","{'id': '249', 'title': 'Nottingham Forest', 'short_title': 'NOT'}","{'h': '2', 'a': '0'}","{'h': '3.81662', 'a': '0.337689'}",2025-10-05 13:00:00,"{'w': '0.9788', 'd': '0.0182', 'l': '0.003'}"
28847,True,"{'id': '229', 'title': 'Wolverhampton Wanderers', 'short_title': 'WOL'}","{'id': '220', 'title': 'Brighton', 'short_title': 'BRI'}","{'h': '1', 'a': '1'}","{'h': '0.369404', 'a': '1.39158'}",2025-10-05 13:00:00,"{'w': '0.0797', 'd': '0.2474', 'l': '0.6729'}"
28841,True,"{'id': '244', 'title': 'Brentford', 'short_title': 'BRE'}","{'id': '88', 'title': 'Manchester City', 'short_title': 'MCI'}","{'h': '0', 'a': '1'}","{'h': '0.693758', 'a': '1.09647'}",2025-10-05 15:30:00,"{'w': '0.2127', 'd': '0.3477', 'l': '0.4396'}"
28854,True,"{'id': '249', 'title': 'Nottingham Forest', 'short_title': 'NOT'}","{'id': '80', 'title': 'Chelsea', 'short_title': 'CHE'}","{'h': '0', 'a': '3'}","{'h': '2.0555', 'a': '2.5583'}",2025-10-18 11:30:00,"{'w': '0.2761', 'd': '0.2325', 'l': '0.4914'}"
28848,True,"{'id': '220', 'title': 'Brighton', 'short_title': 'BRI'}","{'id': '86', 'title': 'Newcastle United', 'short_title': 'NEW'}","{'h': '2', 'a': '1'}","{'h': '0.857104', 'a': '1.28313'}",2025-10-18 14:00:00,"{'w': '0.234', 'd': '0.2943', 'l': '0.4717'}"
28849,True,"{'id': '92', 'title': 'Burnley', 'short_title': 'BUR'}","{'id': '245', 'title': 'Leeds', 'short_title': 'LED'}","{'h': '2', 'a': '0'}","{'h': '0.509647', 'a': '2.33152'}",2025-10-18 14:00:00,"{'w': '0.0318', 'd': '0.1277', 'l': '0.8405'}"
28850,True,"{'id': '78', 'title': 'Crystal Palace', 'short_title': 'CRY'}","{'id': '73', 'title': 'Bournemouth', 'short_title': 'BOU'}","{'h': '3', 'a': '3'}","{'h': '4.56284', 'a': '2.0471'}",2025-10-18 14:00:00,"{'w': '0.8893', 'd': '0.0764', 'l': '0.0343'}"
28853,True,"{'id': '88', 'title': 'Manchester City', 'short_title': 'MCI'}","{'id': '72', 'title': 'Everton', 'short_title': 'EVE'}","{'h': '2', 'a': '0'}","{'h': '2.4799', 'a': '0.794622'}",2025-10-18 14:00:00,"{'w': '0.7871', 'd': '0.157', 'l': '0.0559'}"
28855,True,"{'id': '77', 'title': 'Sunderland', 'short_title': 'SUN'}","{'id': '229', 'title': 'Wolverhampton Wanderers', 'short_title': 'WOL'}","{'h': '2', 'a': '0'}","{'h': '1.02481', 'a': '0.676323'}",2025-10-18 14:00:00,"{'w': '0.4521', 'd': '0.3322', 'l': '0.2157'}"
28851,True,"{'id': '228', 'title': 'Fulham', 'short_title': 'FLH'}","{'id': '83', 'title': 'Arsenal', 'short_title': 'ARS'}","{'h': '0', 'a': '1'}","{'h': '0.502332', 'a': '2.07823'}",2025-10-18 16:30:00,"{'w': '0.0509', 'd': '0.1423', 'l': '0.8068'}"
28856,True,"{'id': '82', 'title': 'Tottenham', 'short_title': 'TOT'}","{'id': '71', 'title': 'Aston Villa', 'short_title': 'AVL'}","{'h': '1', 'a': '2'}","{'h': '1.51461', 'a': '0.352231'}",2025-10-19 13:00:00,"{'w': '0.7246', 'd': '0.2099', 'l': '0.0655'}"
28852,True,"{'id': '87', 'title': 'Liverpool', 'short_title': 'LIV'}","{'id': '89', 'title': 'Manchester United', 'short_title': 'MUN'}","{'h': '1', 'a': '2'}","{'h': '2.60972', 'a': '2.53117'}",2025-10-19 15:30:00,"{'w': '0.403', 'd': '0.2349', 'l': '0.3621'}"
28857,True,"{'id': '81', 'title': 'West Ham', 'short_title': 'WHU'}","{'id': '244', 'title': 'Brentford', 'short_title': 'BRE'}","{'h': '0', 'a': '2'}","{'h': '0.260251', 'a': '3.46635'}",2025-10-20 19:00:00,"{'w': '0.0056', 'd': '0.0286', 'l': '0.9658'}"
28864,True,"{'id': '245', 'title': 'Leeds', 'short_title': 'LED'}","{'id': '81', 'title': 'West Ham', 'short_title': 'WHU'}","{'h': '2', 'a': '1'}","{'h': '2.2214', 'a': '0.498653'}",2025-10-24 19:00:00,"{'w': '0.8342', 'd': '0.1246', 'l': '0.0412'}"
28862,True,"{'id': '80', 'title': 'Chelsea', 'short_title': 'CHE'}","{'id': '77', 'title': 'Sunderland', 'short_title': 'SUN'}","{'h': '1', 'a': '2'}","{'h': '1.21332', 'a': '1.5506'}",2025-10-25 14:00:00,"{'w': '0.2529', 'd': '0.2876', 'l': '0.4595'}"
28866,True,"{'id': '86', 'title': 'Newcastle United', 'short_title': 'NEW'}","{'id': '228', 'title': 'Fulham', 'short_title': 'FLH'}","{'h': '2', 'a': '1'}","{'h': '2.76806', 'a': '1.52001'}",2025-10-25 14:00:00,"{'w': '0.6984', 'd': '0.1854', 'l': '0.1162'}"
28865,True,"{'id': '89', 'title': 'Manchester United', 'short_title': 'MUN'}","{'id': '220', 'title': 'Brighton', 'short_title': 'BRI'}","{'h': '4', 'a': '2'}","{'h': '1.96231', 'a': '0.947154'}",2025-10-25 16:30:00,"{'w': '0.6368', 'd': '0.216', 'l': '0.1472'}"
28861,True,"{'id': '244', 'title': 'Brentford', 'short_title': 'BRE'}","{'id': '87', 'title': 'Liverpool', 'short_title': 'LIV'}","{'h': '3', 'a': '2'}","{'h': '3.27126', 'a': '2.11838'}",2025-10-25 19:00:00,"{'w': '0.6466', 'd': '0.1867', 'l': '0.1667'}"
28858,True,"{'id': '73', 'title': 'Bournemouth', 'short_title': 'BOU'}","{'id': '249', 'title': 'Nottingham Forest', 'short_title': 'NOT'}","{'h': '2', 'a': '0'}","{'h': '0.656601', 'a': '0.305493'}",2025-10-26 13:00:00,"{'w': '0.4009', 'd': '0.4563', 'l': '0.1428'}"
28859,True,"{'id': '83', 'title': 'Arsenal', 'short_title': 'ARS'}","{'id': '78', 'title': 'Crystal Palace', 'short_title': 'CRY'}","{'h': '1', 'a': '0'}","{'h': '0.856175', 'a': '0.350534'}",2025-10-26 13:00:00,"{'w': '0.4818', 'd': '0.3843', 'l': '0.1339'}"
28860,True,"{'id': '71', 'title': 'Aston Villa', 'short_title': 'AVL'}","{'id': '88', 'title': 'Manchester City', 'short_title': 'MCI'}","{'h': '1', 'a': '0'}","{'h': '0.843906', 'a': '1.36914'}",2025-10-26 13:00:00,"{'w': '0.2191', 'd': '0.289', 'l': '0.4919'}"
28867,True,"{'id': '229', 'title': 'Wolverhampton Wanderers', 'short_title': 'WOL'}","{'id': '92', 'title': 'Burnley', 'short_title': 'BUR'}","{'h': '2', 'a': '3'}","{'h': '2.58132', 'a': '1.54544'}",2025-10-26 13:00:00,"{'w': '0.6426', 'd': '0.2132', 'l': '0.1442'}"
28863,True,"{'id': '72', 'title': 'Everton', 'short_title': 'EVE'}","{'id': '82', 'title': 'Tottenham', 'short_title': 'TOT'}","{'h': '0', 'a': '3'}","{'h': '1.4032', 'a': '2.09327'}",2025-10-26 15:30:00,"{'w': '0.1933', 'd': '0.2511', 'l': '0.5556'}"
28868,True,"{'id': '220', 'title': 'Brighton', 'short_title': 'BRI'}","{'id': '245', 'title': 'Leeds', 'short_title': 'LED'}","{'h': '3', 'a': '0'}","{'h': '2.64127', 'a': '0.35919'}",2025-11-01 15:00:00,"{'w': '0.9151', 'd': '0.0719', 'l': '0.013'}"
28869,True,"{'id': '92', 'title': 'Burnley', 'short_title': 'BUR'}","{'id': '83', 'title': 'Arsenal', 'short_title': 'ARS'}","{'h': '0', 'a': '2'}","{'h': '0.679177', 'a': '2.51649'}",2025-11-01 15:00:00,"{'w': '0.0346', 'd': '0.1281', 'l': '0.8373'}"
28870,True,"{'id': '78', 'title': 'Crystal Palace', 'short_title': 'CRY'}","{'id': '244', 'title': 'Brentford', 'short_title': 'BRE'}","{'h': '2', 'a': '0'}","{'h': '0.734558', 'a': '0.820498'}",2025-11-01 15:00:00,"{'w': '0.284', 'd': '0.3671', 'l': '0.3489'}"
28871,True,"{'id': '228', 'title': 'Fulham', 'short_title': 'FLH'}","{'id': '229', 'title': 'Wolverhampton Wanderers', 'short_title': 'WOL'}","{'h': '3', 'a': '0'}","{'h': '1.91207', 'a': '0.209934'}",2025-11-01 15:00:00,"{'w': '0.8557', 'd': '0.1234', 'l': '0.0209'}"
28874,True,"{'id': '249', 'title': 'Nottingham Forest', 'short_title': 'NOT'}","{'id': '89', 'title': 'Manchester United', 'short_title': 'MUN'}","{'h': '2', 'a': '2'}","{'h': '1.55066', 'a': '0.91622'}",2025-11-01 15:00:00,"{'w': '0.5553', 'd': '0.2598', 'l': '0.1849'}"
28876,True,"{'id': '82', 'title': 'Tottenham', 'short_title': 'TOT'}","{'id': '80', 'title': 'Chelsea', 'short_title': 'CHE'}","{'h': '0', 'a': '1'}","{'h': '0.146954', 'a': '3.34251'}",2025-11-01 17:30:00,"{'w': '0.0016', 'd': '0.0201', 'l': '0.9783'}"
28872,True,"{'id': '87', 'title': 'Liverpool', 'short_title': 'LIV'}","{'id': '71', 'title': 'Aston Villa', 'short_title': 'AVL'}","{'h': '2', 'a': '0'}","{'h': '1.47021', 'a': '0.43502'}",2025-11-01 20:00:00,"{'w': '0.6494', 'd': '0.2552', 'l': '0.0954'}"
28877,True,"{'id': '81', 'title': 'West Ham', 'short_title': 'WHU'}","{'id': '86', 'title': 'Newcastle United', 'short_title': 'NEW'}","{'h': '3', 'a': '1'}","{'h': '1.41383', 'a': '0.523615'}",2025-11-02 14:00:00,"{'w': '0.6355', 'd': '0.2546', 'l': '0.1099'}"
28873,True,"{'id': '88', 'title': 'Manchester City', 'short_title': 'MCI'}","{'id': '73', 'title': 'Bournemouth', 'short_title': 'BOU'}","{'h': '3', 'a': '1'}","{'h': '2.48999', 'a': '0.899846'}",2025-11-02 16:30:00,"{'w': '0.7693', 'd': '0.1598', 'l': '0.0709'}"
28875,True,"{'id': '77', 'title': 'Sunderland', 'short_title': 'SUN'}","{'id': '72', 'title': 'Everton', 'short_title': 'EVE'}","{'h': '1', 'a': '1'}","{'h': '1.18068', 'a': '1.00741'}",2025-11-03 20:00:00,"{'w': '0.3718', 'd': '0.3203', 'l': '0.3079'}"
28886,True,"{'id': '82', 'title': 'Tottenham', 'short_title': 'TOT'}","{'id': '89', 'title': 'Manchester United', 'short_title': 'MUN'}","{'h': '2', 'a': '2'}","{'h': '1.35532', 'a': '0.820256'}",2025-11-08 12:30:00,"{'w': '0.5103', 'd': '0.2821', 'l': '0.2076'}"
28882,True,"{'id': '72', 'title': 'Everton', 'short_title': 'EVE'}","{'id': '228', 'title': 'Fulham', 'short_title': 'FLH'}","{'h': '2', 'a': '0'}","{'h': '2.30607', 'a': '0.424478'}",2025-11-08 15:00:00,"{'w': '0.855', 'd': '0.1105', 'l': '0.0345'}"
28887,True,"{'id': '81', 'title': 'West Ham', 'short_title': 'WHU'}","{'id': '92', 'title': 'Burnley', 'short_title': 'BUR'}","{'h': '3', 'a': '2'}","{'h': '2.96728', 'a': '1.87478'}",2025-11-08 15:00:00,"{'w': '0.6782', 'd': '0.2072', 'l': '0.1146'}"
28885,True,"{'id': '77', 'title': 'Sunderland', 'short_title': 'SUN'}","{'id': '83', 'title': 'Arsenal', 'short_title': 'ARS'}","{'h': '2', 'a': '2'}","{'h': '1.20495', 'a': '2.32943'}",2025-11-08 17:30:00,"{'w': '0.1307', 'd': '0.214', 'l': '0.6553'}"
28880,True,"{'id': '80', 'title': 'Chelsea', 'short_title': 'CHE'}","{'id': '229', 'title': 'Wolverhampton Wanderers', 'short_title': 'WOL'}","{'h': '3', 'a': '0'}","{'h': '3.98342', 'a': '0.111462'}",2025-11-08 20:00:00,"{'w': '0.9924', 'd': '0.0074', 'l': '0.0002'}"
28878,True,"{'id': '71', 'title': 'Aston Villa', 'short_title': 'AVL'}","{'id': '73', 'title': 'Bournemouth', 'short_title': 'BOU'}","{'h': '4', 'a': '0'}","{'h': '1.88282', 'a': '2.00992'}",2025-11-09 14:00:00,"{'w': '0.3334', 'd': '0.2653', 'l': '0.4013'}"
28879,True,"{'id': '244', 'title': 'Brentford', 'short_title': 'BRE'}","{'id': '86', 'title': 'Newcastle United', 'short_title': 'NEW'}","{'h': '3', 'a': '1'}","{'h': '2.73729', 'a': '0.432277'}",2025-11-09 14:00:00,"{'w': '0.9194', 'd': '0.0653', 'l': '0.0153'}"
28881,True,"{'id': '78', 'title': 'Crystal Palace', 'short_title': 'CRY'}","{'id': '220', 'title': 'Brighton', 'short_title': 'BRI'}","{'h': '0', 'a': '0'}","{'h': '0.839547', 'a': '0.637037'}",2025-11-09 14:00:00,"{'w': '0.3615', 'd': '0.3807', 'l': '0.2578'}"
28884,True,"{'id': '249', 'title': 'Nottingham Forest', 'short_title': 'NOT'}","{'id': '245', 'title': 'Leeds', 'short_title': 'LED'}","{'h': '3', 'a': '1'}","{'h': '2.49097', 'a': '0.419461'}",2025-11-09 14:00:00,"{'w': '0.8925', 'd': '0.0884', 'l': '0.0191'}"
28883,True,"{'id': '88', 'title': 'Manchester City', 'short_title': 'MCI'}","{'id': '87', 'title': 'Liverpool', 'short_title': 'LIV'}","{'h': '3', 'a': '0'}","{'h': '1.59542', 'a': '1.0281'}",2025-11-09 16:30:00,"{'w': '0.5265', 'd': '0.2798', 'l': '0.1937'}"
28891,True,"{'id': '92', 'title': 'Burnley', 'short_title': 'BUR'}","{'id': '80', 'title': 'Chelsea', 'short_title': 'CHE'}","{'h': '0', 'a': '2'}","{'h': '0.660943', 'a': '1.72093'}",2025-11-22 12:30:00,"{'w': '0.109', 'd': '0.2248', 'l': '0.6662'}"
28888,True,"{'id': '73', 'title': 'Bournemouth', 'short_title': 'BOU'}","{'id': '81', 'title': 'West Ham', 'short_title': 'WHU'}","{'h': '2', 'a': '2'}","{'h': '3.48299', 'a': '0.390782'}",2025-11-22 15:00:00,"{'w': '0.9602', 'd': '0.0349', 'l': '0.0049'}"
28890,True,"{'id': '220', 'title': 'Brighton', 'short_title': 'BRI'}","{'id': '244', 'title': 'Brentford', 'short_title': 'BRE'}","{'h': '2', 'a': '1'}","{'h': '0.977488', 'a': '2.19979'}",2025-11-22 15:00:00,"{'w': '0.0872', 'd': '0.1756', 'l': '0.7372'}"
28892,True,"{'id': '228', 'title': 'Fulham', 'short_title': 'FLH'}","{'id': '77', 'title': 'Sunderland', 'short_title': 'SUN'}","{'h': '1', 'a': '0'}","{'h': '2.83729', 'a': '0.222768'}",2025-11-22 15:00:00,"{'w': '0.9361', 'd': '0.0547', 'l': '0.0092'}"
28894,True,"{'id': '87', 'title': 'Liverpool', 'short_title': 'LIV'}","{'id': '249', 'title': 'Nottingham Forest', 'short_title': 'NOT'}","{'h': '0', 'a': '3'}","{'h': '1.79273', 'a': '1.19459'}",2025-11-22 15:00:00,"{'w': '0.5209', 'd': '0.2497', 'l': '0.2294'}"
28897,True,"{'id': '229', 'title': 'Wolverhampton Wanderers', 'short_title': 'WOL'}","{'id': '78', 'title': 'Crystal Palace', 'short_title': 'CRY'}","{'h': '0', 'a': '2'}","{'h': '1.66409', 'a': '1.44933'}",2025-11-22 15:00:00,"{'w': '0.428', 'd': '0.285', 'l': '0.287'}"
28896,True,"{'id': '86', 'title': 'Newcastle United', 'short_title': 'NEW'}","{'id': '88', 'title': 'Manchester City', 'short_title': 'MCI'}","{'h': '2', 'a': '1'}","{'h': '2.40555', 'a': '2.45648'}",2025-11-22 17:30:00,"{'w': '0.3783', 'd': '0.2442', 'l': '0.3775'}"
28893,True,"{'id': '245', 'title': 'Leeds', 'short_title': 'LED'}","{'id': '71', 'title': 'Aston Villa', 'short_title': 'AVL'}","{'h': '1', 'a': '2'}","{'h': '1.84668', 'a': '1.35978'}",2025-11-23 14:00:00,"{'w': '0.5039', 'd': '0.2601', 'l': '0.236'}"
28889,True,"{'id': '83', 'title': 'Arsenal', 'short_title': 'ARS'}","{'id': '82', 'title': 'Tottenham', 'short_title': 'TOT'}","{'h': '4', 'a': '1'}","{'h': '2.27827', 'a': '0.0300672'}",2025-11-23 16:30:00,"{'w': '0.9246', 'd': '0.0744', 'l': '0.001'}"
28895,True,"{'id': '89', 'title': 'Manchester United', 'short_title': 'MUN'}","{'id': '72', 'title': 'Everton', 'short_title': 'EVE'}","{'h': '0', 'a': '1'}","{'h': '2.2737', 'a': '0.155063'}",2025-11-24 20:00:00,"{'w': '0.8897', 'd': '0.0985', 'l': '0.0118'}"
28899,True,"{'id': '244', 'title': 'Brentford', 'short_title': 'BRE'}","{'id': '92', 'title': 'Burnley', 'short_title': 'BUR'}","{'h': '3', 'a': '1'}","{'h': '3.72106', 'a': '0.874025'}",2025-11-29 15:00:00,"{'w': '0.9508', 'd': '0.0419', 'l': '0.0073'}"
28903,True,"{'id': '88', 'title': 'Manchester City', 'short_title': 'MCI'}","{'id': '245', 'title': 'Leeds', 'short_title': 'LED'}","{'h': '3', 'a': '2'}","{'h': '2.85292', 'a': '1.75142'}",2025-11-29 15:00:00,"{'w': '0.6549', 'd': '0.2088', 'l': '0.1363'}"
28905,True,"{'id': '77', 'title': 'Sunderland', 'short_title': 'SUN'}","{'id': '73', 'title': 'Bournemouth', 'short_title': 'BOU'}","{'h': '3', 'a': '2'}","{'h': '1.16955', 'a': '1.79274'}",2025-11-29 15:00:00,"{'w': '0.1677', 'd': '0.3108', 'l': '0.5215'}"
28902,True,"{'id': '72', 'title': 'Everton', 'short_title': 'EVE'}","{'id': '86', 'title': 'Newcastle United', 'short_title': 'NEW'}","{'h': '1', 'a': '4'}","{'h': '1.01125', 'a': '2.45882'}",2025-11-29 17:30:00,"{'w': '0.0953', 'd': '0.1744', 'l': '0.7303'}"
28906,True,"{'id': '82', 'title': 'Tottenham', 'short_title': 'TOT'}","{'id': '228', 'title': 'Fulham', 'short_title': 'FLH'}","{'h': '1', 'a': '2'}","{'h': '1.04396', 'a': '0.494736'}",2025-11-29 20:00:00,"{'w': '0.5297', 'd': '0.324', 'l': '0.1463'}"
28901,True,"{'id': '78', 'title': 'Crystal Palace', 'short_title': 'CRY'}","{'id': '89', 'title': 'Manchester United', 'short_title': 'MUN'}","{'h': '1', 'a': '2'}","{'h': '2.13561', 'a': '1.47768'}",2025-11-30 12:00:00,"{'w': '0.5412', 'd': '0.2822', 'l': '0.1766'}"
28898,True,"{'id': '71', 'title': 'Aston Villa', 'short_title': 'AVL'}","{'id': '229', 'title': 'Wolverhampton Wanderers', 'short_title': 'WOL'}","{'h': '1', 'a': '0'}","{'h': '1.15486', 'a': '0.692588'}",2025-11-30 14:05:00,"{'w': '0.4809', 'd': '0.3149', 'l': '0.2042'}"
28904,True,"{'id': '249', 'title': 'Nottingham Forest', 'short_title': 'NOT'}","{'id': '220', 'title': 'Brighton', 'short_title': 'BRI'}","{'h': '0', 'a': '2'}","{'h': '0.960325', 'a': '2.0572'}",2025-11-30 14:05:00,"{'w': '0.1427', 'd': '0.2061', 'l': '0.6512'}"
28907,True,"{'id': '81', 'title': 'West Ham', 'short_title': 'WHU'}","{'id': '87', 'title': 'Liverpool', 'short_title': 'LIV'}","{'h': '0', 'a': '2'}","{'h': '0.364152', 'a': '1.56793'}",2025-11-30 14:05:00,"{'w': '0.0588', 'd': '0.1997', 'l': '0.7415'}"
28900,True,"{'id': '80', 'title': 'Chelsea', 'short_title': 'CHE'}","{'id': '83', 'title': 'Arsenal', 'short_title': 'ARS'}","{'h': '1', 'a': '1'}","{'h': '0.791914', 'a': '1.22828'}",2025-11-30 16:30:00,"{'w': '0.2095', 'd': '0.3069', 'l': '0.4836'}"
28908,True,"{'id': '73', 'title': 'Bournemouth', 'short_title': 'BOU'}","{'id': '72', 'title': 'Everton', 'short_title': 'EVE'}","{'h': '0', 'a': '1'}","{'h': '0.635415', 'a': '1.19573'}",2025-12-02 19:30:00,"{'w': '0.1737', 'd': '0.3189', 'l': '0.5074'}"
28912,True,"{'id': '228', 'title': 'Fulham', 'short_title': 'FLH'}","{'id': '88', 'title': 'Manchester City', 'short_title': 'MCI'}","{'h': '4', 'a': '5'}","{'h': '0.972635', 'a': '1.96225'}",2025-12-02 19:30:00,"{'w': '0.1408', 'd': '0.2232', 'l': '0.636'}"
28916,True,"{'id': '86', 'title': 'Newcastle United', 'short_title': 'NEW'}","{'id': '82', 'title': 'Tottenham', 'short_title': 'TOT'}","{'h': '2', 'a': '2'}","{'h': '1.88558', 'a': '1.05205'}",2025-12-02 20:15:00,"{'w': '0.5817', 'd': '0.2502', 'l': '0.1681'}"
28909,True,"{'id': '83', 'title': 'Arsenal', 'short_title': 'ARS'}","{'id': '244', 'title': 'Brentford', 'short_title': 'BRE'}","{'h': '2', 'a': '0'}","{'h': '2.63126', 'a': '0.588716'}",2025-12-03 19:30:00,"{'w': '0.8618', 'd': '0.1086', 'l': '0.0296'}"
28910,True,"{'id': '220', 'title': 'Brighton', 'short_title': 'BRI'}","{'id': '71', 'title': 'Aston Villa', 'short_title': 'AVL'}","{'h': '3', 'a': '4'}","{'h': '1.96298', 'a': '3.15745'}",2025-12-03 19:30:00,"{'w': '0.1501', 'd': '0.1771', 'l': '0.6728'}"
28911,True,"{'id': '92', 'title': 'Burnley', 'short_title': 'BUR'}","{'id': '78', 'title': 'Crystal Palace', 'short_title': 'CRY'}","{'h': '0', 'a': '1'}","{'h': '1.16852', 'a': '0.987797'}",2025-12-03 19:30:00,"{'w': '0.3817', 'd': '0.3288', 'l': '0.2895'}"
28917,True,"{'id': '229', 'title': 'Wolverhampton Wanderers', 'short_title': 'WOL'}","{'id': '249', 'title': 'Nottingham Forest', 'short_title': 'NOT'}","{'h': '0', 'a': '1'}","{'h': '1.02461', 'a': '1.12389'}",2025-12-03 19:30:00,"{'w': '0.3096', 'd': '0.3553', 'l': '0.3351'}"
28913,True,"{'id': '245', 'title': 'Leeds', 'short_title': 'LED'}","{'id': '80', 'title': 'Chelsea', 'short_title': 'CHE'}","{'h': '3', 'a': '1'}","{'h': '2.2047', 'a': '0.964018'}",2025-12-03 20:15:00,"{'w': '0.7167', 'd': '0.1866', 'l': '0.0967'}"
28914,True,"{'id': '87', 'title': 'Liverpool', 'short_title': 'LIV'}","{'id': '77', 'title': 'Sunderland', 'short_title': 'SUN'}","{'h': '1', 'a': '1'}","{'h': '1.37633', 'a': '0.712662'}",2025-12-03 20:15:00,"{'w': '0.5385', 'd': '0.2953', 'l': '0.1662'}"
28915,True,"{'id': '89', 'title': 'Manchester United', 'short_title': 'MUN'}","{'id': '81', 'title': 'West Ham', 'short_title': 'WHU'}","{'h': '1', 'a': '1'}","{'h': '2.27674', 'a': '1.36584'}",2025-12-04 20:00:00,"{'w': '0.6156', 'd': '0.2213', 'l': '0.1631'}"
28919,True,"{'id': '71', 'title': 'Aston Villa', 'short_title': 'AVL'}","{'id': '83', 'title': 'Arsenal', 'short_title': 'ARS'}","{'h': '2', 'a': '1'}","{'h': '2.71986', 'a': '1.85965'}",2025-12-06 12:30:00,"{'w': '0.5866', 'd': '0.2031', 'l': '0.2103'}"
28918,True,"{'id': '73', 'title': 'Bournemouth', 'short_title': 'BOU'}","{'id': '80', 'title': 'Chelsea', 'short_title': 'CHE'}","{'h': '0', 'a': '0'}","{'h': '1.41931', 'a': '0.672602'}",2025-12-06 15:00:00,"{'w': '0.6116', 'd': '0.271', 'l': '0.1174'}"
28921,True,"{'id': '72', 'title': 'Everton', 'short_title': 'EVE'}","{'id': '249', 'title': 'Nottingham Forest', 'short_title': 'NOT'}","{'h': '3', 'a': '0'}","{'h': '1.25348', 'a': '0.31234'}",2025-12-06 15:00:00,"{'w': '0.6583', 'd': '0.263', 'l': '0.0787'}"
28924,True,"{'id': '88', 'title': 'Manchester City', 'short_title': 'MCI'}","{'id': '77', 'title': 'Sunderland', 'short_title': 'SUN'}","{'h': '3', 'a': '0'}","{'h': '2.41605', 'a': '0.626486'}",2025-12-06 15:00:00,"{'w': '0.8094', 'd': '0.1365', 'l': '0.0541'}"
28925,True,"{'id': '86', 'title': 'Newcastle United', 'short_title': 'NEW'}","{'id': '92', 'title': 'Burnley', 'short_title': 'BUR'}","{'h': '2', 'a': '1'}","{'h': '1.80708', 'a': '1.58375'}",2025-12-06 15:00:00,"{'w': '0.4078', 'd': '0.2946', 'l': '0.2976'}"
28926,True,"{'id': '82', 'title': 'Tottenham', 'short_title': 'TOT'}","{'id': '244', 'title': 'Brentford', 'short_title': 'BRE'}","{'h': '2', 'a': '0'}","{'h': '2.42388', 'a': '0.470563'}",2025-12-06 15:00:00,"{'w': '0.874', 'd': '0.1019', 'l': '0.0241'}"
28923,True,"{'id': '245', 'title': 'Leeds', 'short_title': 'LED'}","{'id': '87', 'title': 'Liverpool', 'short_title': 'LIV'}","{'h': '3', 'a': '3'}","{'h': '1.79333', 'a': '2.04805'}",2025-12-06 17:30:00,"{'w': '0.3199', 'd': '0.2543', 'l': '0.4258'}"
28920,True,"{'id': '220', 'title': 'Brighton', 'short_title': 'BRI'}","{'id': '81', 'title': 'West Ham', 'short_title': 'WHU'}","{'h': '1', 'a': '1'}","{'h': '2.10077', 'a': '1.7064'}",2025-12-07 14:00:00,"{'w': '0.4659', 'd': '0.2432', 'l': '0.2909'}"
28922,True,"{'id': '228', 'title': 'Fulham', 'short_title': 'FLH'}","{'id': '78', 'title': 'Crystal Palace', 'short_title': 'CRY'}","{'h': '1', 'a': '2'}","{'h': '0.766771', 'a': '1.71109'}",2025-12-07 16:30:00,"{'w': '0.1398', 'd': '0.2443', 'l': '0.6159'}"
28927,True,"{'id': '229', 'title': 'Wolverhampton Wanderers', 'short_title': 'WOL'}","{'id': '89', 'title': 'Manchester United', 'short_title': 'MUN'}","{'h': '1', 'a': '4'}","{'h': '0.262147', 'a': '4.04708'}",2025-12-08 20:00:00,"{'w': '0.0013', 'd': '0.0112', 'l': '0.9875'}"
28931,True,"{'id': '80', 'title': 'Chelsea', 'short_title': 'CHE'}","{'id': '72', 'title': 'Everton', 'short_title': 'EVE'}","{'h': '2', 'a': '0'}","{'h': '2.64457', 'a': '1.34'}",2025-12-13 15:00:00,"{'w': '0.6853', 'd': '0.181', 'l': '0.1337'}"
28933,True,"{'id': '87', 'title': 'Liverpool', 'short_title': 'LIV'}","{'id': '220', 'title': 'Brighton', 'short_title': 'BRI'}","{'h': '2', 'a': '0'}","{'h': '2.4127', 'a': '1.69004'}",2025-12-13 15:00:00,"{'w': '0.5519', 'd': '0.2199', 'l': '0.2282'}"
28930,True,"{'id': '92', 'title': 'Burnley', 'short_title': 'BUR'}","{'id': '228', 'title': 'Fulham', 'short_title': 'FLH'}","{'h': '2', 'a': '3'}","{'h': '2.05486', 'a': '1.65053'}",2025-12-13 17:30:00,"{'w': '0.4687', 'd': '0.2506', 'l': '0.2807'}"
28928,True,"{'id': '83', 'title': 'Arsenal', 'short_title': 'ARS'}","{'id': '229', 'title': 'Wolverhampton Wanderers', 'short_title': 'WOL'}","{'h': '2', 'a': '1'}","{'h': '1.61796', 'a': '0.61997'}",2025-12-13 20:00:00,"{'w': '0.6309', 'd': '0.2644', 'l': '0.1047'}"
28932,True,"{'id': '78', 'title': 'Crystal Palace', 'short_title': 'CRY'}","{'id': '88', 'title': 'Manchester City', 'short_title': 'MCI'}","{'h': '0', 'a': '3'}","{'h': '1.30092', 'a': '1.35317'}",2025-12-14 14:00:00,"{'w': '0.3229', 'd': '0.2899', 'l': '0.3872'}"
28935,True,"{'id': '249', 'title': 'Nottingham Forest', 'short_title': 'NOT'}","{'id': '82', 'title': 'Tottenham', 'short_title': 'TOT'}","{'h': '3', 'a': '0'}","{'h': '2.32658', 'a': '0.380246'}",2025-12-14 14:00:00,"{'w': '0.8804', 'd': '0.0967', 'l': '0.0229'}"
28936,True,"{'id': '77', 'title': 'Sunderland', 'short_title': 'SUN'}","{'id': '86', 'title': 'Newcastle United', 'short_title': 'NEW'}","{'h': '1', 'a': '0'}","{'h': '0.630045', 'a': '0.169329'}",2025-12-14 14:00:00,"{'w': '0.4509', 'd': '0.4675', 'l': '0.0816'}"
28937,True,"{'id': '81', 'title': 'West Ham', 'short_title': 'WHU'}","{'id': '71', 'title': 'Aston Villa', 'short_title': 'AVL'}","{'h': '2', 'a': '3'}","{'h': '1.27701', 'a': '0.595093'}",2025-12-14 14:00:00,"{'w': '0.5651', 'd': '0.3111', 'l': '0.1238'}"
28929,True,"{'id': '244', 'title': 'Brentford', 'short_title': 'BRE'}","{'id': '245', 'title': 'Leeds', 'short_title': 'LED'}","{'h': '1', 'a': '1'}","{'h': '0.697006', 'a': '1.63409'}",2025-12-14 16:30:00,"{'w': '0.1171', 'd': '0.2592', 'l': '0.6237'}"
28934,True,"{'id': '89', 'title': 'Manchester United', 'short_title': 'MUN'}","{'id': '73', 'title': 'Bournemouth', 'short_title': 'BOU'}","{'h': '4', 'a': '4'}","{'h': '3.21204', 'a': '2.35196'}",2025-12-15 20:00:00,"{'w': '0.5797', 'd': '0.1979', 'l': '0.2224'}"
28945,True,"{'id': '86', 'title': 'Newcastle United', 'short_title': 'NEW'}","{'id': '80', 'title': 'Chelsea', 'short_title': 'CHE'}","{'h': '2', 'a': '2'}","{'h': '2.87863', 'a': '1.0261'}",2025-12-20 12:30:00,"{'w': '0.8323', 'd': '0.117', 'l': '0.0507'}"
28938,True,"{'id': '73', 'title': 'Bournemouth', 'short_title': 'BOU'}","{'id': '92', 'title': 'Burnley', 'short_title': 'BUR'}","{'h': '1', 'a': '1'}","{'h': '1.81847', 'a': '0.480528'}",2025-12-20 15:00:00,"{'w': '0.7581', 'd': '0.1923', 'l': '0.0496'}"
28940,True,"{'id': '220', 'title': 'Brighton', 'short_title': 'BRI'}","{'id': '77', 'title': 'Sunderland', 'short_title': 'SUN'}","{'h': '0', 'a': '0'}","{'h': '0.919272', 'a': '1.31044'}",2025-12-20 15:00:00,"{'w': '0.2447', 'd': '0.2888', 'l': '0.4665'}"
28944,True,"{'id': '88', 'title': 'Manchester City', 'short_title': 'MCI'}","{'id': '81', 'title': 'West Ham', 'short_title': 'WHU'}","{'h': '3', 'a': '0'}","{'h': '3.58188', 'a': '1.02143'}",2025-12-20 15:00:00,"{'w': '0.9032', 'd': '0.0686', 'l': '0.0282'}"
28947,True,"{'id': '229', 'title': 'Wolverhampton Wanderers', 'short_title': 'WOL'}","{'id': '244', 'title': 'Brentford', 'short_title': 'BRE'}","{'h': '0', 'a': '2'}","{'h': '1.26823', 'a': '1.56309'}",2025-12-20 15:00:00,"{'w': '0.2792', 'd': '0.2924', 'l': '0.4284'}"
28946,True,"{'id': '82', 'title': 'Tottenham', 'short_title': 'TOT'}","{'id': '87', 'title': 'Liverpool', 'short_title': 'LIV'}","{'h': '1', 'a': '2'}","{'h': '1.34905', 'a': '1.23164'}",2025-12-20 17:30:00,"{'w': '0.3774', 'd': '0.3092', 'l': '0.3134'}"
28941,True,"{'id': '72', 'title': 'Everton', 'short_title': 'EVE'}","{'id': '83', 'title': 'Arsenal', 'short_title': 'ARS'}","{'h': '0', 'a': '1'}","{'h': '0.213273', 'a': '1.84723'}",2025-12-20 20:00:00,"{'w': '0.0177', 'd': '0.1169', 'l': '0.8654'}"
28943,True,"{'id': '245', 'title': 'Leeds', 'short_title': 'LED'}","{'id': '78', 'title': 'Crystal Palace', 'short_title': 'CRY'}","{'h': '4', 'a': '1'}","{'h': '2.90786', 'a': '1.53058'}",2025-12-20 20:00:00,"{'w': '0.7202', 'd': '0.1848', 'l': '0.095'}"
28939,True,"{'id': '71', 'title': 'Aston Villa', 'short_title': 'AVL'}","{'id': '89', 'title': 'Manchester United', 'short_title': 'MUN'}","{'h': '2', 'a': '1'}","{'h': '1.86917', 'a': '1.30455'}",2025-12-21 16:30:00,"{'w': '0.5333', 'd': '0.27', 'l': '0.1967'}"
28942,True,"{'id': '228', 'title': 'Fulham', 'short_title': 'FLH'}","{'id': '249', 'title': 'Nottingham Forest', 'short_title': 'NOT'}","{'h': '1', 'a': '0'}","{'h': '1.70568', 'a': '0.486296'}",2025-12-22 20:00:00,"{'w': '0.743', 'd': '0.1931', 'l': '0.0639'}"
28954,True,"{'id': '89', 'title': 'Manchester United', 'short_title': 'MUN'}","{'id': '86', 'title': 'Newcastle United', 'short_title': 'NEW'}","{'h': '1', 'a': '0'}","{'h': '0.940811', 'a': '1.12998'}",2025-12-26 20:00:00,"{'w': '0.2985', 'd': '0.3125', 'l': '0.389'}"
28955,True,"{'id': '249', 'title': 'Nottingham Forest', 'short_title': 'NOT'}","{'id': '88', 'title': 'Manchester City', 'short_title': 'MCI'}","{'h': '1', 'a': '2'}","{'h': '0.600141', 'a': '1.46468'}",2025-12-27 12:30:00,"{'w': '0.1293', 'd': '0.2671', 'l': '0.6036'}"
28948,True,"{'id': '83', 'title': 'Arsenal', 'short_title': 'ARS'}","{'id': '220', 'title': 'Brighton', 'short_title': 'BRI'}","{'h': '2', 'a': '1'}","{'h': '2.54318', 'a': '0.710064'}",2025-12-27 15:00:00,"{'w': '0.822', 'd': '0.1286', 'l': '0.0494'}"
28949,True,"{'id': '244', 'title': 'Brentford', 'short_title': 'BRE'}","{'id': '73', 'title': 'Bournemouth', 'short_title': 'BOU'}","{'h': '4', 'a': '1'}","{'h': '2.8513', 'a': '2.56183'}",2025-12-27 15:00:00,"{'w': '0.4446', 'd': '0.2365', 'l': '0.3189'}"
28950,True,"{'id': '92', 'title': 'Burnley', 'short_title': 'BUR'}","{'id': '72', 'title': 'Everton', 'short_title': 'EVE'}","{'h': '0', 'a': '0'}","{'h': '1.24948', 'a': '1.25204'}",2025-12-27 15:00:00,"{'w': '0.338', 'd': '0.2938', 'l': '0.3682'}"
28953,True,"{'id': '87', 'title': 'Liverpool', 'short_title': 'LIV'}","{'id': '229', 'title': 'Wolverhampton Wanderers', 'short_title': 'WOL'}","{'h': '2', 'a': '1'}","{'h': '1.56502', 'a': '0.780664'}",2025-12-27 15:00:00,"{'w': '0.5756', 'd': '0.2883', 'l': '0.1361'}"
28957,True,"{'id': '81', 'title': 'West Ham', 'short_title': 'WHU'}","{'id': '228', 'title': 'Fulham', 'short_title': 'FLH'}","{'h': '0', 'a': '1'}","{'h': '1.13719', 'a': '1.11436'}",2025-12-27 15:00:00,"{'w': '0.3509', 'd': '0.3111', 'l': '0.338'}"
28951,True,"{'id': '80', 'title': 'Chelsea', 'short_title': 'CHE'}","{'id': '71', 'title': 'Aston Villa', 'short_title': 'AVL'}","{'h': '1', 'a': '2'}","{'h': '1.97155', 'a': '2.05918'}",2025-12-27 17:30:00,"{'w': '0.3354', 'd': '0.2749', 'l': '0.3897'}"
28956,True,"{'id': '77', 'title': 'Sunderland', 'short_title': 'SUN'}","{'id': '245', 'title': 'Leeds', 'short_title': 'LED'}","{'h': '1', 'a': '1'}","{'h': '0.805957', 'a': '2.60653'}",2025-12-28 14:00:00,"{'w': '0.0588', 'd': '0.1287', 'l': '0.8125'}"
28952,True,"{'id': '78', 'title': 'Crystal Palace', 'short_title': 'CRY'}","{'id': '82', 'title': 'Tottenham', 'short_title': 'TOT'}","{'h': '0', 'a': '1'}","{'h': '0.929681', 'a': '0.870768'}",2025-12-28 16:30:00,"{'w': '0.3247', 'd': '0.3463', 'l': '0.329'}"
28960,True,"{'id': '92', 'title': 'Burnley', 'short_title': 'BUR'}","{'id': '86', 'title': 'Newcastle United', 'short_title': 'NEW'}","{'h': '1', 'a': '3'}","{'h': '1.32551', 'a': '2.49248'}",2025-12-30 19:30:00,"{'w': '0.129', 'd': '0.196', 'l': '0.675'}"
28961,True,"{'id': '80', 'title': 'Chelsea', 'short_title': 'CHE'}","{'id': '73', 'title': 'Bournemouth', 'short_title': 'BOU'}","{'h': '2', 'a': '2'}","{'h': '2.33294', 'a': '3.49142'}",2025-12-30 19:30:00,"{'w': '0.1502', 'd': '0.1905', 'l': '0.6593'}"
28965,True,"{'id': '249', 'title': 'Nottingham Forest', 'short_title': 'NOT'}","{'id': '72', 'title': 'Everton', 'short_title': 'EVE'}","{'h': '0', 'a': '2'}","{'h': '1.75445', 'a': '1.69525'}",2025-12-30 19:30:00,"{'w': '0.3776', 'd': '0.2639', 'l': '0.3585'}"
28967,True,"{'id': '81', 'title': 'West Ham', 'short_title': 'WHU'}","{'id': '220', 'title': 'Brighton', 'short_title': 'BRI'}","{'h': '2', 'a': '2'}","{'h': '2.27644', 'a': '3.08914'}",2025-12-30 19:30:00,"{'w': '0.1995', 'd': '0.2097', 'l': '0.5908'}"
28958,True,"{'id': '83', 'title': 'Arsenal', 'short_title': 'ARS'}","{'id': '71', 'title': 'Aston Villa', 'short_title': 'AVL'}","{'h': '4', 'a': '1'}","{'h': '4.41335', 'a': '2.94195'}",2025-12-30 20:15:00,"{'w': '0.6941', 'd': '0.1691', 'l': '0.1368'}"
28964,True,"{'id': '89', 'title': 'Manchester United', 'short_title': 'MUN'}","{'id': '229', 'title': 'Wolverhampton Wanderers', 'short_title': 'WOL'}","{'h': '1', 'a': '1'}","{'h': '1.13306', 'a': '1.21784'}",2025-12-30 20:15:00,"{'w': '0.3127', 'd': '0.3104', 'l': '0.3769'}"
28962,True,"{'id': '78', 'title': 'Crystal Palace', 'short_title': 'CRY'}","{'id': '228', 'title': 'Fulham', 'short_title': 'FLH'}","{'h': '1', 'a': '1'}","{'h': '2.35346', 'a': '1.75434'}",2026-01-01 17:30:00,"{'w': '0.5385', 'd': '0.2305', 'l': '0.231'}"
28963,True,"{'id': '87', 'title': 'Liverpool', 'short_title': 'LIV'}","{'id': '245', 'title': 'Leeds', 'short_title': 'LED'}","{'h': '0', 'a': '0'}","{'h': '1.67833', 'a': '0.15936'}",2026-01-01 17:30:00,"{'w': '0.8379', 'd': '0.1434', 'l': '0.0187'}"
28959,True,"{'id': '244', 'title': 'Brentford', 'short_title': 'BRE'}","{'id': '82', 'title': 'Tottenham', 'short_title': 'TOT'}","{'h': '0', 'a': '0'}","{'h': '0.556304', 'a': '0.608309'}",2026-01-01 20:00:00,"{'w': '0.2635', 'd': '0.4337', 'l': '0.3028'}"
28966,True,"{'id': '77', 'title': 'Sunderland', 'short_title': 'SUN'}","{'id': '88', 'title': 'Manchester City', 'short_title': 'MCI'}","{'h': '0', 'a': '0'}","{'h': '0.962141', 'a': '2.44247'}",2026-01-01 20:00:00,"{'w': '0.0985', 'd': '0.1597', 'l': '0.7418'}"
28972,True,"{'id': '71', 'title': 'Aston Villa', 'short_title': 'AVL'}","{'id': '249', 'title': 'Nottingham Forest', 'short_title': 'NOT'}","{'h': '3', 'a': '1'}","{'h': '1.42988', 'a': '0.8982'}",2026-01-03 12:30:00,"{'w': '0.5062', 'd': '0.2854', 'l': '0.2084'}"
28970,True,"{'id': '229', 'title': 'Wolverhampton Wanderers', 'short_title': 'WOL'}","{'id': '81', 'title': 'West Ham', 'short_title': 'WHU'}","{'h': '3', 'a': '0'}","{'h': '2.23925', 'a': '0.235678'}",2026-01-03 15:00:00,"{'w': '0.9109', 'd': '0.0781', 'l': '0.011'}"
28973,True,"{'id': '220', 'title': 'Brighton', 'short_title': 'BRI'}","{'id': '92', 'title': 'Burnley', 'short_title': 'BUR'}","{'h': '2', 'a': '0'}","{'h': '1.4717', 'a': '0.254551'}",2026-01-03 15:00:00,"{'w': '0.7247', 'd': '0.2236', 'l': '0.0517'}"
28971,True,"{'id': '73', 'title': 'Bournemouth', 'short_title': 'BOU'}","{'id': '83', 'title': 'Arsenal', 'short_title': 'ARS'}","{'h': '2', 'a': '3'}","{'h': '0.947846', 'a': '1.28'}",2026-01-03 17:30:00,"{'w': '0.2551', 'd': '0.2988', 'l': '0.4461'}"
28976,True,"{'id': '245', 'title': 'Leeds', 'short_title': 'LED'}","{'id': '89', 'title': 'Manchester United', 'short_title': 'MUN'}","{'h': '1', 'a': '1'}","{'h': '0.970138', 'a': '1.94781'}",2026-01-04 12:30:00,"{'w': '0.1395', 'd': '0.2351', 'l': '0.6254'}"
28968,True,"{'id': '86', 'title': 'Newcastle United', 'short_title': 'NEW'}","{'id': '78', 'title': 'Crystal Palace', 'short_title': 'CRY'}","{'h': '2', 'a': '0'}","{'h': '2.72764', 'a': '1.27825'}",2026-01-04 15:00:00,"{'w': '0.7489', 'd': '0.1653', 'l': '0.0858'}"
28969,True,"{'id': '82', 'title': 'Tottenham', 'short_title': 'TOT'}","{'id': '77', 'title': 'Sunderland', 'short_title': 'SUN'}","{'h': '1', 'a': '1'}","{'h': '1.4175', 'a': '0.467481'}",2026-01-04 15:00:00,"{'w': '0.6917', 'd': '0.2321', 'l': '0.0762'}"
28974,True,"{'id': '72', 'title': 'Everton', 'short_title': 'EVE'}","{'id': '244', 'title': 'Brentford', 'short_title': 'BRE'}","{'h': '2', 'a': '4'}","{'h': '1.00566', 'a': '3.05179'}",2026-01-04 15:00:00,"{'w': '0.0586', 'd': '0.1135', 'l': '0.8279'}"
28975,True,"{'id': '228', 'title': 'Fulham', 'short_title': 'FLH'}","{'id': '87', 'title': 'Liverpool', 'short_title': 'LIV'}","{'h': '2', 'a': '2'}","{'h': '0.609182', 'a': '1.7188'}",2026-01-04 15:00:00,"{'w': '0.0957', 'd': '0.2177', 'l': '0.6866'}"
28977,True,"{'id': '88', 'title': 'Manchester City', 'short_title': 'MCI'}","{'id': '80', 'title': 'Chelsea', 'short_title': 'CHE'}","{'h': '1', 'a': '1'}","{'h': '1.03049', 'a': '2.03726'}",2026-01-04 17:30:00,"{'w': '0.1151', 'd': '0.2012', 'l': '0.6837'}"
28987,True,"{'id': '81', 'title': 'West Ham', 'short_title': 'WHU'}","{'id': '249', 'title': 'Nottingham Forest', 'short_title': 'NOT'}","{'h': '1', 'a': '2'}","{'h': '1.73697', 'a': '1.26683'}",2026-01-06 20:00:00,"{'w': '0.4809', 'd': '0.2855', 'l': '0.2336'}"
28978,True,"{'id': '72', 'title': 'Everton', 'short_title': 'EVE'}","{'id': '229', 'title': 'Wolverhampton Wanderers', 'short_title': 'WOL'}","{'h': '1', 'a': '1'}","{'h': '1.63321', 'a': '0.71329'}",2026-01-07 19:30:00,"{'w': '0.6437', 'd': '0.2323', 'l': '0.124'}"
28979,True,"{'id': '73', 'title': 'Bournemouth', 'short_title': 'BOU'}","{'id': '82', 'title': 'Tottenham', 'short_title': 'TOT'}","{'h': '3', 'a': '2'}","{'h': '1.19014', 'a': '1.6261'}",2026-01-07 19:30:00,"{'w': '0.2401', 'd': '0.2869', 'l': '0.473'}"
28981,True,"{'id': '244', 'title': 'Brentford', 'short_title': 'BRE'}","{'id': '77', 'title': 'Sunderland', 'short_title': 'SUN'}","{'h': '3', 'a': '0'}","{'h': '3.86096', 'a': '1.50644'}",2026-01-07 19:30:00,"{'w': '0.8769', 'd': '0.0866', 'l': '0.0365'}"
28983,True,"{'id': '78', 'title': 'Crystal Palace', 'short_title': 'CRY'}","{'id': '71', 'title': 'Aston Villa', 'short_title': 'AVL'}","{'h': '0', 'a': '0'}","{'h': '1.32505', 'a': '2.07015'}",2026-01-07 19:30:00,"{'w': '0.193', 'd': '0.2327', 'l': '0.5743'}"
28984,True,"{'id': '228', 'title': 'Fulham', 'short_title': 'FLH'}","{'id': '80', 'title': 'Chelsea', 'short_title': 'CHE'}","{'h': '2', 'a': '1'}","{'h': '1.06013', 'a': '2.45107'}",2026-01-07 19:30:00,"{'w': '0.1032', 'd': '0.1646', 'l': '0.7322'}"
28985,True,"{'id': '88', 'title': 'Manchester City', 'short_title': 'MCI'}","{'id': '220', 'title': 'Brighton', 'short_title': 'BRI'}","{'h': '1', 'a': '1'}","{'h': '2.95904', 'a': '1.33162'}",2026-01-07 19:30:00,"{'w': '0.7562', 'd': '0.1607', 'l': '0.0831'}"
28982,True,"{'id': '92', 'title': 'Burnley', 'short_title': 'BUR'}","{'id': '89', 'title': 'Manchester United', 'short_title': 'MUN'}","{'h': '2', 'a': '2'}","{'h': '0.31971', 'a': '2.52488'}",2026-01-07 20:15:00,"{'w': '0.0234', 'd': '0.1025', 'l': '0.8741'}"
28986,True,"{'id': '86', 'title': 'Newcastle United', 'short_title': 'NEW'}","{'id': '245', 'title': 'Leeds', 'short_title': 'LED'}","{'h': '4', 'a': '3'}","{'h': '2.43495', 'a': '2.35318'}",2026-01-07 20:15:00,"{'w': '0.401', 'd': '0.2529', 'l': '0.3461'}"
28980,True,"{'id': '83', 'title': 'Arsenal', 'short_title': 'ARS'}","{'id': '87', 'title': 'Liverpool', 'short_title': 'LIV'}","{'h': '0', 'a': '0'}","{'h': '0.701832', 'a': '0.318642'}",2026-01-08 20:00:00,"{'w': '0.4144', 'd': '0.4412', 'l': '0.1444'}"
28993,True,"{'id': '89', 'title': 'Manchester United', 'short_title': 'MUN'}","{'id': '88', 'title': 'Manchester City', 'short_title': 'MCI'}","{'h': '2', 'a': '0'}","{'h': '3.07278', 'a': '0.387015'}",2026-01-17 12:30:00,"{'w': '0.9392', 'd': '0.0489', 'l': '0.0119'}"
28990,True,"{'id': '80', 'title': 'Chelsea', 'short_title': 'CHE'}","{'id': '244', 'title': 'Brentford', 'short_title': 'BRE'}","{'h': '2', 'a': '0'}","{'h': '1.62263', 'a': '1.47521'}",2026-01-17 15:00:00,"{'w': '0.4189', 'd': '0.2809', 'l': '0.3002'}"
28991,True,"{'id': '245', 'title': 'Leeds', 'short_title': 'LED'}","{'id': '228', 'title': 'Fulham', 'short_title': 'FLH'}","{'h': '1', 'a': '0'}","{'h': '2.16898', 'a': '0.258796'}",2026-01-17 15:00:00,"{'w': '0.864', 'd': '0.1163', 'l': '0.0197'}"
28992,True,"{'id': '87', 'title': 'Liverpool', 'short_title': 'LIV'}","{'id': '92', 'title': 'Burnley', 'short_title': 'BUR'}","{'h': '1', 'a': '1'}","{'h': '3.49045', 'a': '0.546971'}",2026-01-17 15:00:00,"{'w': '0.9471', 'd': '0.041', 'l': '0.0119'}"
28995,True,"{'id': '77', 'title': 'Sunderland', 'short_title': 'SUN'}","{'id': '78', 'title': 'Crystal Palace', 'short_title': 'CRY'}","{'h': '2', 'a': '1'}","{'h': '1.84601', 'a': '1.15169'}",2026-01-17 15:00:00,"{'w': '0.5566', 'd': '0.26', 'l': '0.1834'}"
28996,True,"{'id': '82', 'title': 'Tottenham', 'short_title': 'TOT'}","{'id': '81', 'title': 'West Ham', 'short_title': 'WHU'}","{'h': '1', 'a': '2'}","{'h': '1.65292', 'a': '2.76761'}",2026-01-17 15:00:00,"{'w': '0.1425', 'd': '0.202', 'l': '0.6555'}"
28994,True,"{'id': '249', 'title': 'Nottingham Forest', 'short_title': 'NOT'}","{'id': '83', 'title': 'Arsenal', 'short_title': 'ARS'}","{'h': '0', 'a': '0'}","{'h': '0.318481', 'a': '2.86323'}",2026-01-17 17:30:00,"{'w': '0.0086', 'd': '0.0474', 'l': '0.944'}"
28997,True,"{'id': '229', 'title': 'Wolverhampton Wanderers', 'short_title': 'WOL'}","{'id': '86', 'title': 'Newcastle United', 'short_title': 'NEW'}","{'h': '0', 'a': '0'}","{'h': '0.390216', 'a': '0.813313'}",2026-01-18 14:00:00,"{'w': '0.1649', 'd': '0.3912', 'l': '0.4439'}"
28988,True,"{'id': '71', 'title': 'Aston Villa', 'short_title': 'AVL'}","{'id': '72', 'title': 'Everton', 'short_title': 'EVE'}","{'h': '0', 'a': '1'}","{'h': '0.905393', 'a': '0.745859'}",2026-01-18 16:30:00,"{'w': '0.3565', 'd': '0.3572', 'l': '0.2863'}"
28989,True,"{'id': '220', 'title': 'Brighton', 'short_title': 'BRI'}","{'id': '73', 'title': 'Bournemouth', 'short_title': 'BOU'}","{'h': '1', 'a': '1'}","{'h': '0.995777', 'a': '1.69737'}",2026-01-19 20:00:00,"{'w': '0.1781', 'd': '0.2457', 'l': '0.5762'}"
29007,True,"{'id': '81', 'title': 'West Ham', 'short_title': 'WHU'}","{'id': '77', 'title': 'Sunderland', 'short_title': 'SUN'}","{'h': '3', 'a': '1'}","{'h': '2.18675', 'a': '0.713838'}",2026-01-24 12:30:00,"{'w': '0.777', 'd': '0.1625', 'l': '0.0605'}"
29001,True,"{'id': '92', 'title': 'Burnley', 'short_title': 'BUR'}","{'id': '82', 'title': 'Tottenham', 'short_title': 'TOT'}","{'h': '2', 'a': '2'}","{'h': '1.54884', 'a': '2.59093'}",2026-01-24 15:00:00,"{'w': '0.153', 'd': '0.2126', 'l': '0.6344'}"
29004,True,"{'id': '228', 'title': 'Fulham', 'short_title': 'FLH'}","{'id': '220', 'title': 'Brighton', 'short_title': 'BRI'}","{'h': '2', 'a': '1'}","{'h': '1.13243', 'a': '1.94652'}",2026-01-24 15:00:00,"{'w': '0.1687', 'd': '0.2381', 'l': '0.5932'}"
29005,True,"{'id': '88', 'title': 'Manchester City', 'short_title': 'MCI'}","{'id': '229', 'title': 'Wolverhampton Wanderers', 'short_title': 'WOL'}","{'h': '2', 'a': '0'}","{'h': '1.0654', 'a': '0.542683'}",2026-01-24 15:00:00,"{'w': '0.4964', 'd': '0.3317', 'l': '0.1719'}"
28998,True,"{'id': '73', 'title': 'Bournemouth', 'short_title': 'BOU'}","{'id': '87', 'title': 'Liverpool', 'short_title': 'LIV'}","{'h': '3', 'a': '2'}","{'h': '3.31474', 'a': '0.937335'}",2026-01-24 17:30:00,"{'w': '0.8979', 'd': '0.0725', 'l': '0.0296'}"
29000,True,"{'id': '244', 'title': 'Brentford', 'short_title': 'BRE'}","{'id': '249', 'title': 'Nottingham Forest', 'short_title': 'NOT'}","{'h': '0', 'a': '2'}","{'h': '2.00413', 'a': '1.38958'}",2026-01-25 14:00:00,"{'w': '0.5375', 'd': '0.2893', 'l': '0.1732'}"
29002,True,"{'id': '78', 'title': 'Crystal Palace', 'short_title': 'CRY'}","{'id': '80', 'title': 'Chelsea', 'short_title': 'CHE'}","{'h': '1', 'a': '3'}","{'h': '2.41793', 'a': '3.08817'}",2026-01-25 14:00:00,"{'w': '0.2467', 'd': '0.2125', 'l': '0.5408'}"
29006,True,"{'id': '86', 'title': 'Newcastle United', 'short_title': 'NEW'}","{'id': '71', 'title': 'Aston Villa', 'short_title': 'AVL'}","{'h': '0', 'a': '2'}","{'h': '1.95484', 'a': '1.32143'}",2026-01-25 14:00:00,"{'w': '0.5465', 'd': '0.2409', 'l': '0.2126'}"
28999,True,"{'id': '83', 'title': 'Arsenal', 'short_title': 'ARS'}","{'id': '89', 'title': 'Manchester United', 'short_title': 'MUN'}","{'h': '2', 'a': '3'}","{'h': '1.42411', 'a': '0.640902'}",2026-01-25 16:30:00,"{'w': '0.6023', 'd': '0.2707', 'l': '0.127'}"
29003,True,"{'id': '72', 'title': 'Everton', 'short_title': 'EVE'}","{'id': '245', 'title': 'Leeds', 'short_title': 'LED'}","{'h': '1', 'a': '1'}","{'h': '0.889916', 'a': '1.6766'}",2026-01-26 20:00:00,"{'w': '0.1546', 'd': '0.259', 'l': '0.5864'}"
29010,True,"{'id': '220', 'title': 'Brighton', 'short_title': 'BRI'}","{'id': '72', 'title': 'Everton', 'short_title': 'EVE'}","{'h': '1', 'a': '1'}","{'h': '1.42825', 'a': '1.28126'}",2026-01-31 15:00:00,"{'w': '0.3888', 'd': '0.2998', 'l': '0.3114'}"
29015,True,"{'id': '245', 'title': 'Leeds', 'short_title': 'LED'}","{'id': '83', 'title': 'Arsenal', 'short_title': 'ARS'}","{'h': '0', 'a': '4'}","{'h': '0.17871', 'a': '3.54427'}",2026-01-31 15:00:00,"{'w': '0.0022', 'd': '0.0201', 'l': '0.9777'}"
29017,True,"{'id': '229', 'title': 'Wolverhampton Wanderers', 'short_title': 'WOL'}","{'id': '73', 'title': 'Bournemouth', 'short_title': 'BOU'}","{'h': '0', 'a': '2'}","{'h': '2.10353', 'a': '1.59116'}",2026-01-31 15:00:00,"{'w': '0.4904', 'd': '0.26', 'l': '0.2496'}"
29009,True,"{'id': '80', 'title': 'Chelsea', 'short_title': 'CHE'}","{'id': '81', 'title': 'West Ham', 'short_title': 'WHU'}","{'h': '3', 'a': '2'}","{'h': '2.66133', 'a': '1.72585'}",2026-01-31 17:30:00,"{'w': '0.6123', 'd': '0.2211', 'l': '0.1666'}"
29014,True,"{'id': '87', 'title': 'Liverpool', 'short_title': 'LIV'}","{'id': '86', 'title': 'Newcastle United', 'short_title': 'NEW'}","{'h': '4', 'a': '1'}","{'h': '3.09973', 'a': '0.284319'}",2026-01-31 20:00:00,"{'w': '0.9463', 'd': '0.0443', 'l': '0.0094'}"
29008,True,"{'id': '71', 'title': 'Aston Villa', 'short_title': 'AVL'}","{'id': '244', 'title': 'Brentford', 'short_title': 'BRE'}","{'h': '0', 'a': '1'}","{'h': '2.15316', 'a': '0.314916'}",2026-02-01 14:00:00,"{'w': '0.8302', 'd': '0.1363', 'l': '0.0335'}"
29012,True,"{'id': '89', 'title': 'Manchester United', 'short_title': 'MUN'}","{'id': '228', 'title': 'Fulham', 'short_title': 'FLH'}","{'h': '3', 'a': '2'}","{'h': '1.84362', 'a': '1.71998'}",2026-02-01 14:00:00,"{'w': '0.3948', 'd': '0.2664', 'l': '0.3388'}"
29013,True,"{'id': '249', 'title': 'Nottingham Forest', 'short_title': 'NOT'}","{'id': '78', 'title': 'Crystal Palace', 'short_title': 'CRY'}","{'h': '1', 'a': '1'}","{'h': '0.987254', 'a': '1.648'}",2026-02-01 14:00:00,"{'w': '0.1767', 'd': '0.2772', 'l': '0.5461'}"
29016,True,"{'id': '82', 'title': 'Tottenham', 'short_title': 'TOT'}","{'id': '88', 'title': 'Manchester City', 'short_title': 'MCI'}","{'h': '2', 'a': '2'}","{'h': '1.49738', 'a': '2.03614'}",2026-02-01 16:30:00,"{'w': '0.2511', 'd': '0.2387', 'l': '0.5102'}"
29011,True,"{'id': '77', 'title': 'Sunderland', 'short_title': 'SUN'}","{'id': '92', 'title': 'Burnley', 'short_title': 'BUR'}","{'h': '3', 'a': '0'}","{'h': '1.8865', 'a': '0.126371'}",2026-02-02 20:00:00,"{'w': '0.8773', 'd': '0.1119', 'l': '0.0108'}"
29023,True,"{'id': '245', 'title': 'Leeds', 'short_title': 'LED'}","{'id': '249', 'title': 'Nottingham Forest', 'short_title': 'NOT'}","{'h': '3', 'a': '1'}","{'h': '3.38179', 'a': '1.6608'}",2026-02-06 20:00:00,"{'w': '0.7774', 'd': '0.1399', 'l': '0.0827'}"
29025,True,"{'id': '89', 'title': 'Manchester United', 'short_title': 'MUN'}","{'id': '82', 'title': 'Tottenham', 'short_title': 'TOT'}","{'h': '2', 'a': '0'}","{'h': '2.16576', 'a': '0.593404'}",2026-02-07 12:30:00,"{'w': '0.7759', 'd': '0.1586', 'l': '0.0655'}"
29018,True,"{'id': '73', 'title': 'Bournemouth', 'short_title': 'BOU'}","{'id': '71', 'title': 'Aston Villa', 'short_title': 'AVL'}","{'h': '1', 'a': '1'}","{'h': '1.82646', 'a': '0.646496'}",2026-02-07 15:00:00,"{'w': '0.6897', 'd': '0.2097', 'l': '0.1006'}"
29019,True,"{'id': '83', 'title': 'Arsenal', 'short_title': 'ARS'}","{'id': '77', 'title': 'Sunderland', 'short_title': 'SUN'}","{'h': '3', 'a': '0'}","{'h': '1.19401', 'a': '0.427225'}",2026-02-07 15:00:00,"{'w': '0.569', 'd': '0.3173', 'l': '0.1137'}"
29021,True,"{'id': '92', 'title': 'Burnley', 'short_title': 'BUR'}","{'id': '81', 'title': 'West Ham', 'short_title': 'WHU'}","{'h': '0', 'a': '2'}","{'h': '1.84644', 'a': '1.1223'}",2026-02-07 15:00:00,"{'w': '0.5545', 'd': '0.2637', 'l': '0.1818'}"
29022,True,"{'id': '228', 'title': 'Fulham', 'short_title': 'FLH'}","{'id': '72', 'title': 'Everton', 'short_title': 'EVE'}","{'h': '1', 'a': '2'}","{'h': '2.20126', 'a': '1.88778'}",2026-02-07 15:00:00,"{'w': '0.4559', 'd': '0.2296', 'l': '0.3145'}"
29027,True,"{'id': '229', 'title': 'Wolverhampton Wanderers', 'short_title': 'WOL'}","{'id': '80', 'title': 'Chelsea', 'short_title': 'CHE'}","{'h': '1', 'a': '3'}","{'h': '1.11372', 'a': '3.76278'}",2026-02-07 15:00:00,"{'w': '0.0241', 'd': '0.0624', 'l': '0.9135'}"
29026,True,"{'id': '86', 'title': 'Newcastle United', 'short_title': 'NEW'}","{'id': '244', 'title': 'Brentford', 'short_title': 'BRE'}","{'h': '2', 'a': '3'}","{'h': '3.3215', 'a': '1.65022'}",2026-02-07 17:30:00,"{'w': '0.7774', 'd': '0.1378', 'l': '0.0848'}"
29020,True,"{'id': '220', 'title': 'Brighton', 'short_title': 'BRI'}","{'id': '78', 'title': 'Crystal Palace', 'short_title': 'CRY'}","{'h': '0', 'a': '1'}","{'h': '0.737798', 'a': '0.928404'}",2026-02-08 14:00:00,"{'w': '0.2553', 'd': '0.3644', 'l': '0.3803'}"
29024,True,"{'id': '87', 'title': 'Liverpool', 'short_title': 'LIV'}","{'id': '88', 'title': 'Manchester City', 'short_title': 'MCI'}","{'h': '1', 'a': '2'}","{'h': '1.26652', 'a': '2.41476'}",2026-02-08 16:30:00,"{'w': '0.1318', 'd': '0.1961', 'l': '0.6721'}"
29030,True,"{'id': '80', 'title': 'Chelsea', 'short_title': 'CHE'}","{'id': '245', 'title': 'Leeds', 'short_title': 'LED'}","{'h': '2', 'a': '2'}","{'h': '3.21176', 'a': '1.28948'}",2026-02-10 19:30:00,"{'w': '0.8272', 'd': '0.1298', 'l': '0.043'}"
29032,True,"{'id': '72', 'title': 'Everton', 'short_title': 'EVE'}","{'id': '73', 'title': 'Bournemouth', 'short_title': 'BOU'}","{'h': '1', 'a': '2'}","{'h': '2.33114', 'a': '1.4121'}",2026-02-10 19:30:00,"{'w': '0.6046', 'd': '0.235', 'l': '0.1604'}"
29036,True,"{'id': '82', 'title': 'Tottenham', 'short_title': 'TOT'}","{'id': '86', 'title': 'Newcastle United', 'short_title': 'NEW'}","{'h': '1', 'a': '2'}","{'h': '1.68925', 'a': '2.46991'}",2026-02-10 19:30:00,"{'w': '0.2104', 'd': '0.2207', 'l': '0.5689'}"
29037,True,"{'id': '81', 'title': 'West Ham', 'short_title': 'WHU'}","{'id': '89', 'title': 'Manchester United', 'short_title': 'MUN'}","{'h': '1', 'a': '1'}","{'h': '1.30746', 'a': '0.735767'}",2026-02-10 20:15:00,"{'w': '0.5384', 'd': '0.2938', 'l': '0.1678'}"
29028,True,"{'id': '71', 'title': 'Aston Villa', 'short_title': 'AVL'}","{'id': '220', 'title': 'Brighton', 'short_title': 'BRI'}","{'h': '1', 'a': '0'}","{'h': '0.576138', 'a': '0.481306'}",2026-02-11 19:30:00,"{'w': '0.3064', 'd': '0.4474', 'l': '0.2462'}"
29031,True,"{'id': '78', 'title': 'Crystal Palace', 'short_title': 'CRY'}","{'id': '92', 'title': 'Burnley', 'short_title': 'BUR'}","{'h': '2', 'a': '3'}","{'h': '2.1276', 'a': '0.691273'}",2026-02-11 19:30:00,"{'w': '0.7338', 'd': '0.1809', 'l': '0.0853'}"
29033,True,"{'id': '88', 'title': 'Manchester City', 'short_title': 'MCI'}","{'id': '228', 'title': 'Fulham', 'short_title': 'FLH'}","{'h': '3', 'a': '0'}","{'h': '1.67722', 'a': '1.05283'}",2026-02-11 19:30:00,"{'w': '0.5343', 'd': '0.2546', 'l': '0.2111'}"
29034,True,"{'id': '249', 'title': 'Nottingham Forest', 'short_title': 'NOT'}","{'id': '229', 'title': 'Wolverhampton Wanderers', 'short_title': 'WOL'}","{'h': '0', 'a': '0'}","{'h': '3.69094', 'a': '0.406959'}",2026-02-11 19:30:00,"{'w': '0.9709', 'd': '0.0249', 'l': '0.0042'}"
29035,True,"{'id': '77', 'title': 'Sunderland', 'short_title': 'SUN'}","{'id': '87', 'title': 'Liverpool', 'short_title': 'LIV'}","{'h': '0', 'a': '1'}","{'h': '0.693794', 'a': '3.08172'}",2026-02-11 20:15:00,"{'w': '0.0341', 'd': '0.0804', 'l': '0.8855'}"
29029,True,"{'id': '244', 'title': 'Brentford', 'short_title': 'BRE'}","{'id': '83', 'title': 'Arsenal', 'short_title': 'ARS'}","{'h': '1', 'a': '1'}","{'h': '1.81154', 'a': '0.78418'}",2026-02-12 20:00:00,"{'w': '0.6367', 'd': '0.2304', 'l': '0.1329'}"
29087,True,"{'id': '229', 'title': 'Wolverhampton Wanderers', 'short_title': 'WOL'}","{'id': '83', 'title': 'Arsenal', 'short_title': 'ARS'}","{'h': '2', 'a': '2'}","{'h': '0.173119', 'a': '2.01018'}",2026-02-18 20:00:00,"{'w': '0.0145', 'd': '0.0862', 'l': '0.8993'}"
29038,True,"{'id': '71', 'title': 'Aston Villa', 'short_title': 'AVL'}","{'id': '245', 'title': 'Leeds', 'short_title': 'LED'}","{'h': '1', 'a': '1'}","{'h': '1.25439', 'a': '1.27855'}",2026-02-21 15:00:00,"{'w': '0.349', 'd': '0.2903', 'l': '0.3607'}"
29039,True,"{'id': '244', 'title': 'Brentford', 'short_title': 'BRE'}","{'id': '220', 'title': 'Brighton', 'short_title': 'BRI'}","{'h': '0', 'a': '2'}","{'h': '1.69023', 'a': '1.37203'}",2026-02-21 15:00:00,"{'w': '0.4477', 'd': '0.2841', 'l': '0.2682'}"
29040,True,"{'id': '80', 'title': 'Chelsea', 'short_title': 'CHE'}","{'id': '92', 'title': 'Burnley', 'short_title': 'BUR'}","{'h': '1', 'a': '1'}","{'h': '2.51534', 'a': '1.01255'}",2026-02-21 15:00:00,"{'w': '0.7629', 'd': '0.1628', 'l': '0.0743'}"
29047,True,"{'id': '81', 'title': 'West Ham', 'short_title': 'WHU'}","{'id': '73', 'title': 'Bournemouth', 'short_title': 'BOU'}","{'h': '0', 'a': '0'}","{'h': '2.34412', 'a': '0.522731'}",2026-02-21 17:30:00,"{'w': '0.8387', 'd': '0.1203', 'l': '0.041'}"
29043,True,"{'id': '88', 'title': 'Manchester City', 'short_title': 'MCI'}","{'id': '86', 'title': 'Newcastle United', 'short_title': 'NEW'}","{'h': '2', 'a': '1'}","{'h': '2.22648', 'a': '0.507954'}",2026-02-21 20:00:00,"{'w': '0.8142', 'd': '0.1373', 'l': '0.0485'}"
29041,True,"{'id': '78', 'title': 'Crystal Palace', 'short_title': 'CRY'}","{'id': '229', 'title': 'Wolverhampton Wanderers', 'short_title': 'WOL'}","{'h': '1', 'a': '0'}","{'h': '2.03559', 'a': '1.67749'}",2026-02-22 14:00:00,"{'w': '0.459', 'd': '0.2691', 'l': '0.2719'}"
29044,True,"{'id': '249', 'title': 'Nottingham Forest', 'short_title': 'NOT'}","{'id': '87', 'title': 'Liverpool', 'short_title': 'LIV'}","{'h': '0', 'a': '1'}","{'h': '0.934768', 'a': '2.39634'}",2026-02-22 14:00:00,"{'w': '0.0658', 'd': '0.1486', 'l': '0.7856'}"
29045,True,"{'id': '77', 'title': 'Sunderland', 'short_title': 'SUN'}","{'id': '228', 'title': 'Fulham', 'short_title': 'FLH'}","{'h': '1', 'a': '3'}","{'h': '1.7609', 'a': '2.16696'}",2026-02-22 14:00:00,"{'w': '0.2628', 'd': '0.2664', 'l': '0.4708'}"
29046,True,"{'id': '82', 'title': 'Tottenham', 'short_title': 'TOT'}","{'id': '83', 'title': 'Arsenal', 'short_title': 'ARS'}","{'h': '1', 'a': '4'}","{'h': '0.383264', 'a': '3.31701'}",2026-02-22 16:30:00,"{'w': '0.0088', 'd': '0.0401', 'l': '0.9511'}"
29042,True,"{'id': '72', 'title': 'Everton', 'short_title': 'EVE'}","{'id': '89', 'title': 'Manchester United', 'short_title': 'MUN'}","{'h': '0', 'a': '1'}","{'h': '0.560924', 'a': '1.4547'}",2026-02-23 20:00:00,"{'w': '0.1076', 'd': '0.245', 'l': '0.6474'}"
29057,True,"{'id': '229', 'title': 'Wolverhampton Wanderers', 'short_title': 'WOL'}","{'id': '71', 'title': 'Aston Villa', 'short_title': 'AVL'}","{'h': '2', 'a': '0'}","{'h': '1.50771', 'a': '1.31328'}",2026-02-27 20:00:00,"{'w': '0.4226', 'd': '0.2827', 'l': '0.2947'}"
29048,True,"{'id': '73', 'title': 'Bournemouth', 'short_title': 'BOU'}","{'id': '77', 'title': 'Sunderland', 'short_title': 'SUN'}","{'h': '1', 'a': '1'}","{'h': '1.82434', 'a': '1.07887'}",2026-02-28 12:30:00,"{'w': '0.5551', 'd': '0.2648', 'l': '0.1801'}"
29051,True,"{'id': '92', 'title': 'Burnley', 'short_title': 'BUR'}","{'id': '244', 'title': 'Brentford', 'short_title': 'BRE'}","{'h': '3', 'a': '4'}","{'h': '0.823824', 'a': '2.44595'}",2026-02-28 15:00:00,"{'w': '0.0609', 'd': '0.1435', 'l': '0.7956'}"
29054,True,"{'id': '87', 'title': 'Liverpool', 'short_title': 'LIV'}","{'id': '81', 'title': 'West Ham', 'short_title': 'WHU'}","{'h': '5', 'a': '2'}","{'h': '2.09939', 'a': '1.3517'}",2026-02-28 15:00:00,"{'w': '0.5536', 'd': '0.2339', 'l': '0.2125'}"
29056,True,"{'id': '86', 'title': 'Newcastle United', 'short_title': 'NEW'}","{'id': '72', 'title': 'Everton', 'short_title': 'EVE'}","{'h': '2', 'a': '3'}","{'h': '1.11889', 'a': '2.40731'}",2026-02-28 15:00:00,"{'w': '0.0575', 'd': '0.169', 'l': '0.7735'}"
29053,True,"{'id': '245', 'title': 'Leeds', 'short_title': 'LED'}","{'id': '88', 'title': 'Manchester City', 'short_title': 'MCI'}","{'h': '0', 'a': '1'}","{'h': '1.37824', 'a': '2.46834'}",2026-02-28 17:30:00,"{'w': '0.1403', 'd': '0.1978', 'l': '0.6619'}"
29050,True,"{'id': '220', 'title': 'Brighton', 'short_title': 'BRI'}","{'id': '249', 'title': 'Nottingham Forest', 'short_title': 'NOT'}","{'h': '2', 'a': '1'}","{'h': '1.20107', 'a': '0.83055'}",2026-03-01 14:00:00,"{'w': '0.4523', 'd': '0.3035', 'l': '0.2442'}"
29052,True,"{'id': '228', 'title': 'Fulham', 'short_title': 'FLH'}","{'id': '82', 'title': 'Tottenham', 'short_title': 'TOT'}","{'h': '2', 'a': '1'}","{'h': '2.3207', 'a': '0.952091'}",2026-03-01 14:00:00,"{'w': '0.7069', 'd': '0.1828', 'l': '0.1103'}"
29055,True,"{'id': '89', 'title': 'Manchester United', 'short_title': 'MUN'}","{'id': '78', 'title': 'Crystal Palace', 'short_title': 'CRY'}","{'h': '2', 'a': '1'}","{'h': '2.34609', 'a': '0.384699'}",2026-03-01 14:00:00,"{'w': '0.8774', 'd': '0.1001', 'l': '0.0225'}"
29049,True,"{'id': '83', 'title': 'Arsenal', 'short_title': 'ARS'}","{'id': '80', 'title': 'Chelsea', 'short_title': 'CHE'}","{'h': '2', 'a': '1'}","{'h': '1.71598', 'a': '1.35268'}",2026-03-01 16:30:00,"{'w': '0.4449', 'd': '0.2926', 'l': '0.2625'}"
29058,True,"{'id': '73', 'title': 'Bournemouth', 'short_title': 'BOU'}","{'id': '244', 'title': 'Brentford', 'short_title': 'BRE'}","{'h': '0', 'a': '0'}","{'h': '2.3177', 'a': '0.673328'}",2026-03-03 19:30:00,"{'w': '0.7902', 'd': '0.1515', 'l': '0.0583'}"
29061,True,"{'id': '72', 'title': 'Everton', 'short_title': 'EVE'}","{'id': '92', 'title': 'Burnley', 'short_title': 'BUR'}","{'h': '2', 'a': '0'}","{'h': '1.15845', 'a': '0.762229'}",2026-03-03 19:30:00,"{'w': '0.4352', 'd': '0.3436', 'l': '0.2212'}"
29063,True,"{'id': '245', 'title': 'Leeds', 'short_title': 'LED'}","{'id': '77', 'title': 'Sunderland', 'short_title': 'SUN'}","{'h': '0', 'a': '1'}","{'h': '0.888232', 'a': '0.843856'}",2026-03-03 19:30:00,"{'w': '0.2954', 'd': '0.3643', 'l': '0.3403'}"
29067,True,"{'id': '229', 'title': 'Wolverhampton Wanderers', 'short_title': 'WOL'}","{'id': '87', 'title': 'Liverpool', 'short_title': 'LIV'}","{'h': '2', 'a': '1'}","{'h': '0.636033', 'a': '2.17217'}",2026-03-03 20:15:00,"{'w': '0.0584', 'd': '0.166', 'l': '0.7756'}"
29059,True,"{'id': '71', 'title': 'Aston Villa', 'short_title': 'AVL'}","{'id': '80', 'title': 'Chelsea', 'short_title': 'CHE'}","{'h': '1', 'a': '4'}","{'h': '1.06854', 'a': '3.38883'}",2026-03-04 19:30:00,"{'w': '0.0343', 'd': '0.0834', 'l': '0.8823'}"
29060,True,"{'id': '220', 'title': 'Brighton', 'short_title': 'BRI'}","{'id': '83', 'title': 'Arsenal', 'short_title': 'ARS'}","{'h': '0', 'a': '1'}","{'h': '0.919228', 'a': '0.514803'}",2026-03-04 19:30:00,"{'w': '0.4417', 'd': '0.3688', 'l': '0.1895'}"
29062,True,"{'id': '228', 'title': 'Fulham', 'short_title': 'FLH'}","{'id': '81', 'title': 'West Ham', 'short_title': 'WHU'}","{'h': '0', 'a': '1'}","{'h': '0.628123', 'a': '1.49528'}",2026-03-04 19:30:00,"{'w': '0.126', 'd': '0.2422', 'l': '0.6318'}"
29064,True,"{'id': '88', 'title': 'Manchester City', 'short_title': 'MCI'}","{'id': '249', 'title': 'Nottingham Forest', 'short_title': 'NOT'}","{'h': '2', 'a': '2'}","{'h': '2.72655', 'a': '1.23642'}",2026-03-04 19:30:00,"{'w': '0.7332', 'd': '0.1652', 'l': '0.1016'}"
29065,True,"{'id': '86', 'title': 'Newcastle United', 'short_title': 'NEW'}","{'id': '89', 'title': 'Manchester United', 'short_title': 'MUN'}","{'h': '2', 'a': '1'}","{'h': '1.96637', 'a': '1.80571'}",2026-03-04 20:15:00,"{'w': '0.4273', 'd': '0.2544', 'l': '0.3183'}"
29066,True,"{'id': '82', 'title': 'Tottenham', 'short_title': 'TOT'}","{'id': '78', 'title': 'Crystal Palace', 'short_title': 'CRY'}","{'h': '1', 'a': '3'}","{'h': '1.29615', 'a': '1.91515'}",2026-03-05 20:00:00,"{'w': '0.2054', 'd': '0.2575', 'l': '0.5371'}"
29070,True,"{'id': '92', 'title': 'Burnley', 'short_title': 'BUR'}","{'id': '73', 'title': 'Bournemouth', 'short_title': 'BOU'}","{'h': '0', 'a': '0'}","{'h': '1.67695', 'a': '2.36979'}",2026-03-14 15:00:00,"{'w': '0.2336', 'd': '0.2214', 'l': '0.545'}"
29076,True,"{'id': '77', 'title': 'Sunderland', 'short_title': 'SUN'}","{'id': '220', 'title': 'Brighton', 'short_title': 'BRI'}","{'h': '0', 'a': '1'}","{'h': '0.659083', 'a': '1.12832'}",2026-03-14 15:00:00,"{'w': '0.1994', 'd': '0.3158', 'l': '0.4848'}"
29068,True,"{'id': '83', 'title': 'Arsenal', 'short_title': 'ARS'}","{'id': '72', 'title': 'Everton', 'short_title': 'EVE'}","{'h': '2', 'a': '0'}","{'h': '1.90855', 'a': '1.17847'}",2026-03-14 17:30:00,"{'w': '0.5602', 'd': '0.2503', 'l': '0.1895'}"
29071,True,"{'id': '80', 'title': 'Chelsea', 'short_title': 'CHE'}","{'id': '86', 'title': 'Newcastle United', 'short_title': 'NEW'}","{'h': '0', 'a': '1'}","{'h': '1.72508', 'a': '1.03251'}",2026-03-14 17:30:00,"{'w': '0.5331', 'd': '0.2697', 'l': '0.1972'}"
29077,True,"{'id': '81', 'title': 'West Ham', 'short_title': 'WHU'}","{'id': '88', 'title': 'Manchester City', 'short_title': 'MCI'}","{'h': '1', 'a': '1'}","{'h': '0.488982', 'a': '1.9546'}",2026-03-14 20:00:00,"{'w': '0.0452', 'd': '0.1911', 'l': '0.7637'}"
29072,True,"{'id': '78', 'title': 'Crystal Palace', 'short_title': 'CRY'}","{'id': '245', 'title': 'Leeds', 'short_title': 'LED'}","{'h': '0', 'a': '0'}","{'h': '0.525205', 'a': '1.13558'}",2026-03-15 14:00:00,"{'w': '0.1278', 'd': '0.3017', 'l': '0.5705'}"
29074,True,"{'id': '89', 'title': 'Manchester United', 'short_title': 'MUN'}","{'id': '71', 'title': 'Aston Villa', 'short_title': 'AVL'}","{'h': '3', 'a': '1'}","{'h': '1.67823', 'a': '1.21071'}",2026-03-15 14:00:00,"{'w': '0.4854', 'd': '0.264', 'l': '0.2506'}"
29075,True,"{'id': '249', 'title': 'Nottingham Forest', 'short_title': 'NOT'}","{'id': '228', 'title': 'Fulham', 'short_title': 'FLH'}","{'h': '0', 'a': '0'}","{'h': '0.821011', 'a': '0.933988'}",2026-03-15 14:00:00,"{'w': '0.2552', 'd': '0.3626', 'l': '0.3822'}"
29073,True,"{'id': '87', 'title': 'Liverpool', 'short_title': 'LIV'}","{'id': '82', 'title': 'Tottenham', 'short_title': 'TOT'}","{'h': '1', 'a': '1'}","{'h': '1.30076', 'a': '1.15636'}",2026-03-15 16:30:00,"{'w': '0.3856', 'd': '0.2861', 'l': '0.3283'}"
29069,True,"{'id': '244', 'title': 'Brentford', 'short_title': 'BRE'}","{'id': '229', 'title': 'Wolverhampton Wanderers', 'short_title': 'WOL'}","{'h': '2', 'a': '2'}","{'h': '2.7966', 'a': '1.80044'}",2026-03-16 20:00:00,"{'w': '0.6218', 'd': '0.2068', 'l': '0.1714'}"
29078,True,"{'id': '73', 'title': 'Bournemouth', 'short_title': 'BOU'}","{'id': '89', 'title': 'Manchester United', 'short_title': 'MUN'}","{'h': '2', 'a': '2'}","{'h': '1.76664', 'a': '1.74574'}",2026-03-20 20:00:00,"{'w': '0.36', 'd': '0.2839', 'l': '0.3561'}"
29080,True,"{'id': '220', 'title': 'Brighton', 'short_title': 'BRI'}","{'id': '87', 'title': 'Liverpool', 'short_title': 'LIV'}","{'h': '2', 'a': '1'}","{'h': '3.42956', 'a': '0.956801'}",2026-03-21 12:30:00,"{'w': '0.9049', 'd': '0.069', 'l': '0.0261'}"
29082,True,"{'id': '228', 'title': 'Fulham', 'short_title': 'FLH'}","{'id': '92', 'title': 'Burnley', 'short_title': 'BUR'}","{'h': '3', 'a': '1'}","{'h': '3.48438', 'a': '1.92556'}",2026-03-21 15:00:00,"{'w': '0.7203', 'd': '0.1586', 'l': '0.1211'}"
29081,True,"{'id': '72', 'title': 'Everton', 'short_title': 'EVE'}","{'id': '80', 'title': 'Chelsea', 'short_title': 'CHE'}","{'h': '3', 'a': '0'}","{'h': '1.44532', 'a': '1.35143'}",2026-03-21 17:30:00,"{'w': '0.3819', 'd': '0.2794', 'l': '0.3387'}"
29083,True,"{'id': '245', 'title': 'Leeds', 'short_title': 'LED'}","{'id': '244', 'title': 'Brentford', 'short_title': 'BRE'}","{'h': '0', 'a': '0'}","{'h': '0.417296', 'a': '0.302221'}",2026-03-21 20:00:00,"{'w': '0.2789', 'd': '0.5413', 'l': '0.1798'}"
29085,True,"{'id': '86', 'title': 'Newcastle United', 'short_title': 'NEW'}","{'id': '77', 'title': 'Sunderland', 'short_title': 'SUN'}","{'h': '1', 'a': '2'}","{'h': '1.26705', 'a': '2.66657'}",2026-03-22 12:00:00,"{'w': '0.1162', 'd': '0.1637', 'l': '0.7201'}"
29079,True,"{'id': '71', 'title': 'Aston Villa', 'short_title': 'AVL'}","{'id': '81', 'title': 'West Ham', 'short_title': 'WHU'}","{'h': '2', 'a': '0'}","{'h': '2.48528', 'a': '0.760054'}",2026-03-22 14:15:00,"{'w': '0.8124', 'd': '0.1316', 'l': '0.056'}"
29086,True,"{'id': '82', 'title': 'Tottenham', 'short_title': 'TOT'}","{'id': '249', 'title': 'Nottingham Forest', 'short_title': 'NOT'}","{'h': '0', 'a': '3'}","{'h': '1.6189', 'a': '1.54408'}",2026-03-22 14:15:00,"{'w': '0.3718', 'd': '0.2798', 'l': '0.3484'}"
29091,True,"{'id': '81', 'title': 'West Ham', 'short_title': 'WHU'}","{'id': '229', 'title': 'Wolverhampton Wanderers', 'short_title': 'WOL'}","{'h': '4', 'a': '0'}","{'h': '2.54379', 'a': '0.571967'}",2026-04-10 19:00:00,"{'w': '0.8438', 'd': '0.1126', 'l': '0.0436'}"
29092,True,"{'id': '83', 'title': 'Arsenal', 'short_title': 'ARS'}","{'id': '73', 'title': 'Bournemouth', 'short_title': 'BOU'}","{'h': '1', 'a': '2'}","{'h': '3.16346', 'a': '1.39461'}",2026-04-11 11:30:00,"{'w': '0.8221', 'd': '0.1297', 'l': '0.0482'}"
29093,True,"{'id': '244', 'title': 'Brentford', 'short_title': 'BRE'}","{'id': '72', 'title': 'Everton', 'short_title': 'EVE'}","{'h': '2', 'a': '2'}","{'h': '2.26302', 'a': '1.57033'}",2026-04-11 14:00:00,"{'w': '0.5424', 'd': '0.2365', 'l': '0.2211'}"
29094,True,"{'id': '92', 'title': 'Burnley', 'short_title': 'BUR'}","{'id': '220', 'title': 'Brighton', 'short_title': 'BRI'}","{'h': '0', 'a': '2'}","{'h': '0.812029', 'a': '1.07182'}",2026-04-11 14:00:00,"{'w': '0.2682', 'd': '0.3324', 'l': '0.3994'}"
29097,True,"{'id': '87', 'title': 'Liverpool', 'short_title': 'LIV'}","{'id': '228', 'title': 'Fulham', 'short_title': 'FLH'}","{'h': '2', 'a': '0'}","{'h': '2.01499', 'a': '1.42024'}",2026-04-11 16:30:00,"{'w': '0.5162', 'd': '0.2415', 'l': '0.2423'}"
29089,True,"{'id': '249', 'title': 'Nottingham Forest', 'short_title': 'NOT'}","{'id': '71', 'title': 'Aston Villa', 'short_title': 'AVL'}","{'h': '1', 'a': '1'}","{'h': '0.85045', 'a': '1.36297'}",2026-04-12 13:00:00,"{'w': '0.216', 'd': '0.2804', 'l': '0.5036'}"
29090,True,"{'id': '77', 'title': 'Sunderland', 'short_title': 'SUN'}","{'id': '82', 'title': 'Tottenham', 'short_title': 'TOT'}","{'h': '1', 'a': '0'}","{'h': '1.77584', 'a': '1.01598'}",2026-04-12 13:00:00,"{'w': '0.5697', 'd': '0.2554', 'l': '0.1749'}"
29096,True,"{'id': '78', 'title': 'Crystal Palace', 'short_title': 'CRY'}","{'id': '86', 'title': 'Newcastle United', 'short_title': 'NEW'}","{'h': '2', 'a': '1'}","{'h': '3.13933', 'a': '1.27299'}",2026-04-12 13:00:00,"{'w': '0.8241', 'd': '0.1232', 'l': '0.0527'}"
29095,True,"{'id': '80', 'title': 'Chelsea', 'short_title': 'CHE'}","{'id': '88', 'title': 'Manchester City', 'short_title': 'MCI'}","{'h': '0', 'a': '3'}","{'h': '1.22108', 'a': '2.40839'}",2026-04-12 15:30:00,"{'w': '0.1456', 'd': '0.1934', 'l': '0.661'}"
29088,True,"{'id': '89', 'title': 'Manchester United', 'short_title': 'MUN'}","{'id': '245', 'title': 'Leeds', 'short_title': 'LED'}","{'h': '1', 'a': '2'}","{'h': '1.36555', 'a': '2.95118'}",2026-04-13 19:00:00,"{'w': '0.0997', 'd': '0.1434', 'l': '0.7569'}"
29099,True,"{'id': '244', 'title': 'Brentford', 'short_title': 'BRE'}","{'id': '228', 'title': 'Fulham', 'short_title': 'FLH'}","{'h': '0', 'a': '0'}","{'h': '2.33552', 'a': '0.790707'}",2026-04-18 11:30:00,"{'w': '0.7631', 'd': '0.1594', 'l': '0.0775'}"
29103,True,"{'id': '245', 'title': 'Leeds', 'short_title': 'LED'}","{'id': '229', 'title': 'Wolverhampton Wanderers', 'short_title': 'WOL'}","{'h': '3', 'a': '0'}","{'h': '3.55804', 'a': '0.568627'}",2026-04-18 14:00:00,"{'w': '0.9601', 'd': '0.032', 'l': '0.0079'}"
29105,True,"{'id': '86', 'title': 'Newcastle United', 'short_title': 'NEW'}","{'id': '73', 'title': 'Bournemouth', 'short_title': 'BOU'}","{'h': '1', 'a': '2'}","{'h': '1.61167', 'a': '3.36662'}",2026-04-18 14:00:00,"{'w': '0.0545', 'd': '0.1232', 'l': '0.8223'}"
29107,True,"{'id': '82', 'title': 'Tottenham', 'short_title': 'TOT'}","{'id': '220', 'title': 'Brighton', 'short_title': 'BRI'}","{'h': '2', 'a': '2'}","{'h': '1.56052', 'a': '1.1373'}",2026-04-18 16:30:00,"{'w': '0.4794', 'd': '0.273', 'l': '0.2476'}"
29100,True,"{'id': '80', 'title': 'Chelsea', 'short_title': 'CHE'}","{'id': '89', 'title': 'Manchester United', 'short_title': 'MUN'}","{'h': '0', 'a': '1'}","{'h': '1.28109', 'a': '0.436043'}",2026-04-18 19:00:00,"{'w': '0.5816', 'd': '0.298', 'l': '0.1204'}"
29098,True,"{'id': '71', 'title': 'Aston Villa', 'short_title': 'AVL'}","{'id': '77', 'title': 'Sunderland', 'short_title': 'SUN'}","{'h': '4', 'a': '3'}","{'h': '3.90223', 'a': '1.56008'}",2026-04-19 13:00:00,"{'w': '0.8626', 'd': '0.0885', 'l': '0.0489'}"
29102,True,"{'id': '72', 'title': 'Everton', 'short_title': 'EVE'}","{'id': '87', 'title': 'Liverpool', 'short_title': 'LIV'}","{'h': '1', 'a': '2'}","{'h': '1.4784', 'a': '1.38333'}",2026-04-19 13:00:00,"{'w': '0.3918', 'd': '0.2837', 'l': '0.3245'}"
29106,True,"{'id': '249', 'title': 'Nottingham Forest', 'short_title': 'NOT'}","{'id': '92', 'title': 'Burnley', 'short_title': 'BUR'}","{'h': '4', 'a': '1'}","{'h': '1.4425', 'a': '0.601418'}",2026-04-19 13:00:00,"{'w': '0.5978', 'd': '0.2837', 'l': '0.1185'}"
29104,True,"{'id': '88', 'title': 'Manchester City', 'short_title': 'MCI'}","{'id': '83', 'title': 'Arsenal', 'short_title': 'ARS'}","{'h': '2', 'a': '1'}","{'h': '2.61528', 'a': '2.28964'}",2026-04-19 15:30:00,"{'w': '0.4488', 'd': '0.2479', 'l': '0.3033'}"
29101,True,"{'id': '78', 'title': 'Crystal Palace', 'short_title': 'CRY'}","{'id': '81', 'title': 'West Ham', 'short_title': 'WHU'}","{'h': '0', 'a': '0'}","{'h': '0.733442', 'a': '0.622445'}",2026-04-20 19:00:00,"{'w': '0.3437', 'd': '0.3864', 'l': '0.2699'}"
29110,True,"{'id': '220', 'title': 'Brighton', 'short_title': 'BRI'}","{'id': '80', 'title': 'Chelsea', 'short_title': 'CHE'}","{'h': '3', 'a': '0'}","{'h': '2.51784', 'a': '0.297865'}",2026-04-21 19:00:00,"{'w': '0.9033', 'd': '0.0788', 'l': '0.0179'}"
29108,True,"{'id': '73', 'title': 'Bournemouth', 'short_title': 'BOU'}","{'id': '245', 'title': 'Leeds', 'short_title': 'LED'}","{'h': '2', 'a': '2'}","{'h': '1.91355', 'a': '1.21601'}",2026-04-22 19:00:00,"{'w': '0.5513', 'd': '0.2434', 'l': '0.2053'}"
29111,True,"{'id': '92', 'title': 'Burnley', 'short_title': 'BUR'}","{'id': '88', 'title': 'Manchester City', 'short_title': 'MCI'}","{'h': '0', 'a': '1'}","{'h': '0.973776', 'a': '3.40888'}",2026-04-22 19:00:00,"{'w': '0.0443', 'd': '0.091', 'l': '0.8647'}"
29115,True,"{'id': '77', 'title': 'Sunderland', 'short_title': 'SUN'}","{'id': '249', 'title': 'Nottingham Forest', 'short_title': 'NOT'}","{'h': '0', 'a': '5'}","{'h': '0.614323', 'a': '1.54208'}",2026-04-24 19:00:00,"{'w': '0.1184', 'd': '0.2415', 'l': '0.6401'}"
29112,True,"{'id': '228', 'title': 'Fulham', 'short_title': 'FLH'}","{'id': '71', 'title': 'Aston Villa', 'short_title': 'AVL'}","{'h': '1', 'a': '0'}","{'h': '1.24069', 'a': '0.906156'}",2026-04-25 11:30:00,"{'w': '0.4402', 'd': '0.3154', 'l': '0.2444'}"
29113,True,"{'id': '87', 'title': 'Liverpool', 'short_title': 'LIV'}","{'id': '78', 'title': 'Crystal Palace', 'short_title': 'CRY'}","{'h': '3', 'a': '1'}","{'h': '1.45071', 'a': '2.19912'}",2026-04-25 14:00:00,"{'w': '0.2143', 'd': '0.2313', 'l': '0.5544'}"
29116,True,"{'id': '81', 'title': 'West Ham', 'short_title': 'WHU'}","{'id': '72', 'title': 'Everton', 'short_title': 'EVE'}","{'h': '2', 'a': '1'}","{'h': '1.8356', 'a': '1.1144'}",2026-04-25 14:00:00,"{'w': '0.5617', 'd': '0.2554', 'l': '0.1829'}"
29117,True,"{'id': '229', 'title': 'Wolverhampton Wanderers', 'short_title': 'WOL'}","{'id': '82', 'title': 'Tottenham', 'short_title': 'TOT'}","{'h': '0', 'a': '1'}","{'h': '0.762656', 'a': '1.06403'}",2026-04-25 14:00:00,"{'w': '0.2136', 'd': '0.3485', 'l': '0.4379'}"
29109,True,"{'id': '83', 'title': 'Arsenal', 'short_title': 'ARS'}","{'id': '86', 'title': 'Newcastle United', 'short_title': 'NEW'}","{'h': '1', 'a': '0'}","{'h': '0.639189', 'a': '0.868897'}",2026-04-25 16:30:00,"{'w': '0.2295', 'd': '0.3637', 'l': '0.4068'}"
29114,True,"{'id': '89', 'title': 'Manchester United', 'short_title': 'MUN'}","{'id': '244', 'title': 'Brentford', 'short_title': 'BRE'}","{'h': '2', 'a': '1'}","{'h': '1.84852', 'a': '1.30383'}",2026-04-27 19:00:00,"{'w': '0.5285', 'd': '0.2585', 'l': '0.213'}"
29124,True,"{'id': '245', 'title': 'Leeds', 'short_title': 'LED'}","{'id': '92', 'title': 'Burnley', 'short_title': 'BUR'}","{'h': '3', 'a': '1'}","{'h': '2.09546', 'a': '0.434597'}",2026-05-01 20:00:00,"{'w': '0.8238', 'd': '0.1368', 'l': '0.0394'}"
29121,True,"{'id': '244', 'title': 'Brentford', 'short_title': 'BRE'}","{'id': '81', 'title': 'West Ham', 'short_title': 'WHU'}","{'h': '3', 'a': '0'}","{'h': '2.27374', 'a': '0.753895'}",2026-05-02 15:00:00,"{'w': '0.7785', 'd': '0.1517', 'l': '0.0698'}"
29126,True,"{'id': '86', 'title': 'Newcastle United', 'short_title': 'NEW'}","{'id': '220', 'title': 'Brighton', 'short_title': 'BRI'}","{'h': '3', 'a': '1'}","{'h': '3.12933', 'a': '1.87112'}",2026-05-02 15:00:00,"{'w': '0.6723', 'd': '0.171', 'l': '0.1567'}"
29127,True,"{'id': '229', 'title': 'Wolverhampton Wanderers', 'short_title': 'WOL'}","{'id': '77', 'title': 'Sunderland', 'short_title': 'SUN'}","{'h': '1', 'a': '1'}","{'h': '1.96131', 'a': '0.923954'}",2026-05-02 15:00:00,"{'w': '0.64', 'd': '0.2208', 'l': '0.1392'}"
29119,True,"{'id': '83', 'title': 'Arsenal', 'short_title': 'ARS'}","{'id': '228', 'title': 'Fulham', 'short_title': 'FLH'}","{'h': '3', 'a': '0'}","{'h': '4.09079', 'a': '0.696714'}",2026-05-02 17:30:00,"{'w': '0.9613', 'd': '0.0311', 'l': '0.0076'}"
29118,True,"{'id': '73', 'title': 'Bournemouth', 'short_title': 'BOU'}","{'id': '78', 'title': 'Crystal Palace', 'short_title': 'CRY'}","{'h': '3', 'a': '0'}","{'h': '2.29626', 'a': '0.678329'}",2026-05-03 14:00:00,"{'w': '0.7987', 'd': '0.1448', 'l': '0.0565'}"
29125,True,"{'id': '89', 'title': 'Manchester United', 'short_title': 'MUN'}","{'id': '87', 'title': 'Liverpool', 'short_title': 'LIV'}","{'h': '3', 'a': '2'}","{'h': '2.55612', 'a': '1.02814'}",2026-05-03 15:30:00,"{'w': '0.7491', 'd': '0.1546', 'l': '0.0963'}"
29120,True,"{'id': '71', 'title': 'Aston Villa', 'short_title': 'AVL'}","{'id': '82', 'title': 'Tottenham', 'short_title': 'TOT'}","{'h': '1', 'a': '2'}","{'h': '0.609494', 'a': '1.12225'}",2026-05-03 19:00:00,"{'w': '0.1665', 'd': '0.3396', 'l': '0.4939'}"
29122,True,"{'id': '80', 'title': 'Chelsea', 'short_title': 'CHE'}","{'id': '249', 'title': 'Nottingham Forest', 'short_title': 'NOT'}","{'h': '1', 'a': '3'}","{'h': '2.17132', 'a': '2.31019'}",2026-05-04 15:00:00,"{'w': '0.3108', 'd': '0.2818', 'l': '0.4074'}"
29123,True,"{'id': '72', 'title': 'Everton', 'short_title': 'EVE'}","{'id': '88', 'title': 'Manchester City', 'short_title': 'MCI'}","{'h': '3', 'a': '3'}","{'h': '1.68558', 'a': '1.41706'}",2026-05-04 20:00:00,"{'w': '0.4424', 'd': '0.2639', 'l': '0.2937'}"
29132,True,"{'id': '87', 'title': 'Liverpool', 'short_title': 'LIV'}","{'id': '80', 'title': 'Chelsea', 'short_title': 'CHE'}","{'h': '1', 'a': '1'}","{'h': '0.623191', 'a': '0.597184'}",2026-05-09 12:30:00,"{'w': '0.2937', 'd': '0.4218', 'l': '0.2845'}"
29128,True,"{'id': '220', 'title': 'Brighton', 'short_title': 'BRI'}","{'id': '229', 'title': 'Wolverhampton Wanderers', 'short_title': 'WOL'}","{'h': '3', 'a': '0'}","{'h': '2.22427', 'a': '0.515647'}",2026-05-09 15:00:00,"{'w': '0.8144', 'd': '0.1409', 'l': '0.0447'}"
29131,True,"{'id': '228', 'title': 'Fulham', 'short_title': 'FLH'}","{'id': '73', 'title': 'Bournemouth', 'short_title': 'BOU'}","{'h': '0', 'a': '1'}","{'h': '1.24334', 'a': '0.998003'}",2026-05-09 15:00:00,"{'w': '0.4114', 'd': '0.3148', 'l': '0.2738'}"
29135,True,"{'id': '77', 'title': 'Sunderland', 'short_title': 'SUN'}","{'id': '89', 'title': 'Manchester United', 'short_title': 'MUN'}","{'h': '0', 'a': '0'}","{'h': '1.2376', 'a': '0.535981'}",2026-05-09 15:00:00,"{'w': '0.5615', 'd': '0.2908', 'l': '0.1477'}"
29133,True,"{'id': '88', 'title': 'Manchester City', 'short_title': 'MCI'}","{'id': '244', 'title': 'Brentford', 'short_title': 'BRE'}","{'h': '3', 'a': '0'}","{'h': '4.37429', 'a': '0.670038'}",2026-05-09 17:30:00,"{'w': '0.9871', 'd': '0.0121', 'l': '0.0008'}"
29129,True,"{'id': '92', 'title': 'Burnley', 'short_title': 'BUR'}","{'id': '71', 'title': 'Aston Villa', 'short_title': 'AVL'}","{'h': '2', 'a': '2'}","{'h': '1.71234', 'a': '1.75493'}",2026-05-10 14:00:00,"{'w': '0.3632', 'd': '0.2585', 'l': '0.3783'}"
29130,True,"{'id': '78', 'title': 'Crystal Palace', 'short_title': 'CRY'}","{'id': '72', 'title': 'Everton', 'short_title': 'EVE'}","{'h': '2', 'a': '2'}","{'h': '3.28826', 'a': '2.10265'}",2026-05-10 14:00:00,"{'w': '0.6403', 'd': '0.1732', 'l': '0.1865'}"
29134,True,"{'id': '249', 'title': 'Nottingham Forest', 'short_title': 'NOT'}","{'id': '86', 'title': 'Newcastle United', 'short_title': 'NEW'}","{'h': '1', 'a': '1'}","{'h': '1.46434', 'a': '1.65067'}",2026-05-10 14:00:00,"{'w': '0.3112', 'd': '0.2674', 'l': '0.4214'}"
29137,True,"{'id': '81', 'title': 'West Ham', 'short_title': 'WHU'}","{'id': '83', 'title': 'Arsenal', 'short_title': 'ARS'}","{'h': '0', 'a': '1'}","{'h': '1.32011', 'a': '1.42953'}",2026-05-10 16:30:00,"{'w': '0.3272', 'd': '0.2963', 'l': '0.3765'}"
29136,True,"{'id': '82', 'title': 'Tottenham', 'short_title': 'TOT'}","{'id': '245', 'title': 'Leeds', 'short_title': 'LED'}","{'h': '1', 'a': '1'}","{'h': '1.49036', 'a': '1.86976'}",2026-05-11 20:00:00,"{'w': '0.2655', 'd': '0.2596', 'l': '0.4749'}"
29084,True,"{'id': '88', 'title': 'Manchester City', 'short_title': 'MCI'}","{'id': '78', 'title': 'Crystal Palace', 'short_title': 'CRY'}","{'h': '3', 'a': '0'}","{'h': '1.95679', 'a': '0.428862'}",2026-05-13 20:00:00,"{'w': '0.7928', 'd': '0.1582', 'l': '0.049'}"
29140,True,"{'id': '71', 'title': 'Aston Villa', 'short_title': 'AVL'}","{'id': '87', 'title': 'Liverpool', 'short_title': 'LIV'}","{'h': '4', 'a': '2'}","{'h': '2.5252', 'a': '1.55027'}",2026-05-15 20:00:00,"{'w': '0.6252', 'd': '0.2086', 'l': '0.1662'}"
29145,True,"{'id': '89', 'title': 'Manchester United', 'short_title': 'MUN'}","{'id': '249', 'title': 'Nottingham Forest', 'short_title': 'NOT'}","{'h': '3', 'a': '2'}","{'h': '4.28532', 'a': '1.84418'}",2026-05-17 12:30:00,"{'w': '0.8387', 'd': '0.1022', 'l': '0.0591'}"
29141,True,"{'id': '244', 'title': 'Brentford', 'short_title': 'BRE'}","{'id': '78', 'title': 'Crystal Palace', 'short_title': 'CRY'}","{'h': '2', 'a': '2'}","{'h': '1.54564', 'a': '1.82274'}",2026-05-17 15:00:00,"{'w': '0.2919', 'd': '0.2635', 'l': '0.4446'}"
29143,True,"{'id': '72', 'title': 'Everton', 'short_title': 'EVE'}","{'id': '77', 'title': 'Sunderland', 'short_title': 'SUN'}","{'h': '1', 'a': '3'}","{'h': '1.32181', 'a': '1.28383'}",2026-05-17 15:00:00,"{'w': '0.3601', 'd': '0.3159', 'l': '0.324'}"
29144,True,"{'id': '245', 'title': 'Leeds', 'short_title': 'LED'}","{'id': '220', 'title': 'Brighton', 'short_title': 'BRI'}","{'h': '1', 'a': '0'}","{'h': '0.747756', 'a': '2.23238'}",2026-05-17 15:00:00,"{'w': '0.0717', 'd': '0.1873', 'l': '0.741'}"
29147,True,"{'id': '229', 'title': 'Wolverhampton Wanderers', 'short_title': 'WOL'}","{'id': '228', 'title': 'Fulham', 'short_title': 'FLH'}","{'h': '1', 'a': '1'}","{'h': '1.49725', 'a': '1.48412'}",2026-05-17 15:00:00,"{'w': '0.3551', 'd': '0.2872', 'l': '0.3577'}"
29146,True,"{'id': '86', 'title': 'Newcastle United', 'short_title': 'NEW'}","{'id': '81', 'title': 'West Ham', 'short_title': 'WHU'}","{'h': '3', 'a': '1'}","{'h': '2.1336', 'a': '0.957771'}",2026-05-17 17:30:00,"{'w': '0.6787', 'd': '0.1995', 'l': '0.1218'}"
29139,True,"{'id': '83', 'title': 'Arsenal', 'short_title': 'ARS'}","{'id': '92', 'title': 'Burnley', 'short_title': 'BUR'}","{'h': '1', 'a': '0'}","{'h': '1.22695', 'a': '0.194884'}",2026-05-18 20:00:00,"{'w': '0.6915', 'd': '0.2601', 'l': '0.0484'}"
29138,True,"{'id': '73', 'title': 'Bournemouth', 'short_title': 'BOU'}","{'id': '88', 'title': 'Manchester City', 'short_title': 'MCI'}","{'h': '1', 'a': '1'}","{'h': '1.71486', 'a': '1.26917'}",2026-05-19 19:30:00,"{'w': '0.4866', 'd': '0.2553', 'l': '0.2581'}"
29142,True,"{'id': '80', 'title': 'Chelsea', 'short_title': 'CHE'}","{'id': '82', 'title': 'Tottenham', 'short_title': 'TOT'}","{'h': '2', 'a': '1'}","{'h': '1.09262', 'a': '2.15227'}",2026-05-19 20:15:00,"{'w': '0.1187', 'd': '0.2128', 'l': '0.6685'}"
29148,True,"{'id': '220', 'title': 'Brighton', 'short_title': 'BRI'}","{'id': '89', 'title': 'Manchester United', 'short_title': 'MUN'}","{'h': '0', 'a': '3'}","{'h': '0.702398', 'a': '2.32868'}",2026-05-24 15:00:00,"{'w': '0.0517', 'd': '0.1288', 'l': '0.8195'}"
29149,True,"{'id': '92', 'title': 'Burnley', 'short_title': 'BUR'}","{'id': '229', 'title': 'Wolverhampton Wanderers', 'short_title': 'WOL'}","{'h': '1', 'a': '1'}","{'h': '1.28476', 'a': '2.8433'}",2026-05-24 15:00:00,"{'w': '0.0878', 'd': '0.1555', 'l': '0.7567'}"
29150,True,"{'id': '78', 'title': 'Crystal Palace', 'short_title': 'CRY'}","{'id': '83', 'title': 'Arsenal', 'short_title': 'ARS'}","{'h': '1', 'a': '2'}","{'h': '1.00492', 'a': '3.90645'}",2026-05-24 15:00:00,"{'w': '0.0213', 'd': '0.0507', 'l': '0.928'}"
29151,True,"{'id': '228', 'title': 'Fulham', 'short_title': 'FLH'}","{'id': '86', 'title': 'Newcastle United', 'short_title': 'NEW'}","{'h': '2', 'a': '0'}","{'h': '1.72878', 'a': '0.24232'}",2026-05-24 15:00:00,"{'w': '0.7857', 'd': '0.1784', 'l': '0.0359'}"
29152,True,"{'id': '87', 'title': 'Liverpool', 'short_title': 'LIV'}","{'id': '244', 'title': 'Brentford', 'short_title': 'BRE'}","{'h': '1', 'a': '1'}","{'h': '2.99412', 'a': '1.46082'}",2026-05-24 15:00:00,"{'w': '0.7222', 'd': '0.1661', 'l': '0.1117'}"
29153,True,"{'id': '88', 'title': 'Manchester City', 'short_title': 'MCI'}","{'id': '71', 'title': 'Aston Villa', 'short_title': 'AVL'}","{'h': '1', 'a': '2'}","{'h': '1.38085', 'a': '2.4397'}",2026-05-24 15:00:00,"{'w': '0.1618', 'd': '0.189', 'l': '0.6492'}"
29154,True,"{'id': '249', 'title': 'Nottingham Forest', 'short_title': 'NOT'}","{'id': '73', 'title': 'Bournemouth', 'short_title': 'BOU'}","{'h': '1', 'a': '1'}","{'h': '2.05852', 'a': '1.33684'}",2026-05-24 15:00:00,"{'w': '0.5595', 'd': '0.2329', 'l': '0.2076'}"
29155,True,"{'id': '77', 'title': 'Sunderland', 'short_title': 'SUN'}","{'id': '80', 'title': 'Chelsea', 'short_title': 'CHE'}","{'h': '2', 'a': '1'}","{'h': '2.33109', 'a': '0.920885'}",2026-05-24 15:00:00,"{'w': '0.7359', 'd': '0.1755', 'l': '0.0886'}"
29156,True,"{'id': '82', 'title': 'Tottenham', 'short_title': 'TOT'}","{'id': '72', 'title': 'Everton', 'short_title': 'EVE'}","{'h': '1', 'a': '0'}","{'h': '1.40597', 'a': '0.268476'}",2026-05-24 15:00:00,"{'w': '0.7598', 'd': '0.198', 'l': '0.0422'}"
29157,True,"{'id': '81', 'title': 'West Ham', 'short_title': 'WHU'}","{'id': '245', 'title': 'Leeds', 'short_title': 'LED'}","{'h': '3', 'a': '0'}","{'h': '2.73135', 'a': '1.94969'}",2026-05-24 15:00:00,"{'w': '0.5581', 'd': '0.2217', 'l': '0.2202'}"
